單字,詞類 (Parts of Speech)
girl,n.
healthy,adj.
idea,n.
give,v.
hear,v.
if,conj.
glad,adj.
heart,n.
important,adj.
glass,n.
heat,n./v.
in,prep./adv./adj.
glasses,n.
heavy,adj.
inch,n.
glove(s),n.
height,n.
insect,n.
go,v./n.
hello,n.
inside,prep./adv./n./adj.
god/goddess,n.
help,v./n.
interest,n./v.
good,adj./adv./n.
helpful,adj.
interested,adj.
goodbye,n.
hen,n.
interesting,adj.
grade,n./v.
here,adv./n.
interview,n./v.
grandfather,n.
hide,v.
into,prep.
grandmother,n.
high,adj./adv./n.
invite,v.
grass,n.
hill,n.
island,n.
gray,adj./n./v.
history,n.
itself),pron.
great,adj./n.
hit,v./n.
item,n.
green,adj./n./v.
hobby,n.
jacket,n.
ground,n./v.
hold,v./n.
jeans,n.
group,n./v.
holiday,n.
job,n.
grow,v.
home,n./adv./v./adj.
join,v./n.
guess,v./n.
homework,n.
joke,n./v.
guitar,n.
honest,adj.
joy,n.
guy,n.
honey,n.
juice,n.
habit,n.
hope,v./n.
jump,v./n.
hair,n.
horse,n.
just,adv./adj.
half,n./adv./adj.
hospital,n.
keep,v./n.
ham,n.
hot,adj.
key,adj./n./v.
hand,n./v.
hotel,n.
kick,v./n.
hang,v.
hour,n.
kid,n./v.
happen,v.
house,n./v.
kill,v./n.
happy,adj.
housewife,n.
kind,adj./n.
hard,adj./adv.
how,adv.
king,n.
hat,n.
however,adv.
kiss,n./v.
hate,v./n.
hundred,n./adj.
kitchen,n.
have,aux./v.
hungry,adj.
kite,n.
knee,n./v.
husband,n.
knife,n./v.
head,n./v.
headache,n.
know,v.
health,n.
ice,n.
knowledge,n.
lake,n.
lot,n.
mistake,n./v.
lamp,n.
loud,adv./adj.
modern,adj.
land,n./v.
love,n./v.
moment,n.
language,n.
lovely,adj.
money,n.
large,adj.
low,adj./adv./n.
monkey,n.
last,n./v./adv./adj.
lucky,adj.
month,n.
late,adj./adv.
lunch,n./v.
moon,n.
later,adv.
machine,n./v.
more,adj./pron./adv.
laugh,v./n.
mad,adj.
morning,n.
lawyer,n.
magic,adj./n.
most,adv./pron./adj.
lazy,adj.
mail,n./v.
mother,n.
lead,v./n.
main,adj./n.
mountain,n.
leader,n.
make,v.
mouse,n.
learn,v.
man,n./v.
mouth,n./v.
least,adv./pron./adj.
many,adj./pron.
move(ment),v./(n.)
leave,v./n.
map,n./v.
movie/film,n.
left,adj./n./adv.
mark,n./v.
/Mister,n.
leg,n.
market,n./v.
lemon,n.
married,adj.
less,pron./adv./adj./prep.
mathematics/math,n.
much,adj./pron./adv.
lesson,n.
matter,n./v.
mud,n.
let,v.
may,aux.
museum,n.
letter,n.
maybe,adv.
music,n.
level,n./adj.
meal,n.
must,aux./n.
library,n.
mean,v./adj.
name,n./v.
lie,v./n.
meat,n.
national,adj.
life,n.
media,n.
nature,n.
light,n./adj./v./adv.
medicine,n.
near,prep./adj./adv./v.
like,prep./v./n.
medium,adj.
neck,n.
line,n./v.
meet,v.
need,v./n./aux.
lion,n.
meeting,n.
net,n./v.
lip,n.
member,n.
never,adv.
list,n./v.
menu,n.
new,adj.
listen,v.
middle,adj./n.
news,n.
little,adj./adv./n.
milk,n.
newspaper,n.
live,v./adj.
million,n.
next,adj./adv.
lonely,adj.
mind,n./v.
nice,adj.
long,adj./adv./v.
mine,n./v.
night,n.
look,v./n.
minute,n.
no/nope,adj./adv./n.
lose,v.
miss,v./n.
nobody,pron./n.
noise,n.
pants,n.
pond,n.
noisy,adj.
paper,n./v.
pool,n./v.
noon,n.
parent(s),n.
poor,adj.
north,n./adj./adv.
park,n./v.
popcorn,n.
nose,n.
part,n./v.
popular,adj.
not,adv.
party,n./v.
possible,adj.
note,n./v.
pass,v./n.
pot,n./v.
nothing,pron./n.
past,adj./n./prep./adv.
potato,n.
notice,v./n.
pay(ment),v./(n.)
power,n./v.
now,adv./n.
pen,n./v.
practice,n./v.
number,n./v.
pencil,n.
prepare,v.
nurse,n./v.
people,n./v.
present,adj./n./v.
pretty,adv./adj.
person,n.
price,n./v.
clock,adv.
pet,n./v.
probably,adv.
of,prep.
photograph/photo,n./v.
problem,n.
off,adv./prep./adj.
piano,n.
program,n./v.
office,n.
pick,v./n.
proud,adj.
officer,n.
picnic,n./v.
public,adj./n.
often,adv.
picture,n./v.
pull,v./n.
oil,n./v.
pie,n.
push,v./n.
old,adj.
piece,n./v.
put,v.
on,prep./adv.
pig,n./v.
quarter,n.
once,adv./conj./n.
pin,n./v.
queen,n.
online,adj.
pink,adj./n.
question,n./v.
only,adv./adj./conj.
pipe,n./v.
quick,adj./adv.
open,adj./v.
place,n./v.
quiet,adj./n./v.
or,conj.
plan,n./v.
quite,adv.
orange,adj./n.
planet,n.
rabbit,n.
order,n./v.
plant,n./v.
race,n./v.
other,adj./pron.
plate,n.
radio,n./v.
out,adv./prep./adj./n./v.
play,v./n.
rain,n./v.
outside,prep./adv./adj./n.
player,n.
rainbow,n.
over,prep./adv.
please,v.
rainy,adj.
own,adj./pron./v.
pleasure,n.
raise,v./n.
pack,n./v.
reach,v./n.
package,n.
pocket,n./v.
read,v.
page,n.
point,n./v.
ready,adj./v.
paint,n./v.
police,n./v.
real,adj.
pair,n.
polite,adj.
really,adv.
reason,n./v.
season,n.
sister,n.
red,adj./n.
seat,n./v.
sit,v.
relative,adj./n.
second,adj./n./adv.
size,n./v.
remember,v.
secretary,n.
skirt,n.
repeat,v.
see,v.
sky,n.
report,n./v.
seed,n.
sleep,n./v.
reporter,n.
sell,v.
slim,adj.
rest,n./v.
send,v.
slow,adj./v./adv.
restaurant,n.
sentence,n./v.
small,adj./n./adv.
rice,n.
serious,adj.
smart,adj.
rich,adj.
service,n.
smell,n./v.
ride,n./v.
set,v./n.
smile,n./v.
right,adv./adj./n.
several,adj./pron.
smoke,n./v.
ring,n./v.
shake,v./n.
snake,n./v.
rise,n./v.
shall,aux.
snow,n./v.
river,n.
shape,n.
so,adv./conj.
road,n.
share,v./n.
sofa,n.
robot,n.
sharp,adj./adv.
soldier,n.
rock,n./v.
roll,v./n.
room,n./v.
sheep,n.
root,n.
ship,n./v.
something,pron./n.
rope,n.
shirt,n.
sometimes,adv.
rose,n.
shoe(s),n.
somewhere,adv.
round,adj./n./adv./prep./v.
shop,n./v.
son,n.
row,n./v.
short,adj.
song,n.
rule,n./v.
shorts,n.
soon,adv.
ruler,n.
shoulder,n.
sore,adj./n.
run,v.
shout,v./n.
sorry,adj.
sad,adj.
show,v./n.
sound,n.
safe,adj./n.
shower,n./v.
soup,n.
salad,n.
sick,adj.
south,n./adj./adv.
sale,n.
side,n.
space,n./v.
salt,n./v./adj.
sight,n./v.
speak,v.
same,adj./pron./adv.
sign,n./v.
special,adj.
save,v.
simple,adj.
spell,v.
say,v.
since,conj./prep./adv.
spend,v.
school,n./v.
sing,v.
spring,n./v.
science,n.
singer,n.
square,n./adj.
sea,n.
sir,n.
stair,n.
stand,v./n.
telephone/phone,n./v.
together,adv.
star,n./v.
television/TV,n.
toilet,n.
start,v./n.
tell,v.
tomato,n.
station,n.
temple,n.
tomorrow,adv./n.
stay,v./n.
tennis,n.
tonight,adv./n.
still,adv./adj.
terrible,adj.
too,adv.
stop,v./n.
test,n./v.
tool,n.
store,n./v.
than,conj./prep.
tooth,n.
story,n.
thank,v./n.
top,n./adj./v.
straight,adv./adj./n.
that,conj./pron./adv./adj.
topic,n.
strange,adj.
the,art.
total,adj./n./v.
street,n.
theater,n.
touch,n./v.
string,n.
then,adv./adj.
towel,n./v.
strong,adj.
there,adv./n.
town,n.
student,n.
these,pron./adj.
toy,n.
study,n./v.
traffic,n./v.
stupid,adj.
subject,n.
treat(ment),v./(n.)
thick,adj.
successful,adj.
tree,n.
thin,adj.
sugar,n.
trip,n./v.
thing,n.
sun,n./v.
trouble,n./v.
think,v.
sunny,adj.
truck,n.
third,adj./n./adv.
supermarket,n.
try,v./n.
this,pron./adv./adj.
sure,adj./adv.
T-shirt,n.
those,pron./adj.
surprise,n./v.
turn,v./n.
though,conj./adv.
surprised,adj.
twice,adv.
thousand,n./adj.
sweet,adj.
type,n./v.
throat,n.
table,n.
uncle,n.
through,prep./adv.
tail,n.
under,prep./adv.
throw,v./n.
take,v.
understand,v.
ticket,n.
talk,v./n.
uniform,n.
tidy,adj./v.
tall,adj.
until,conj./prep.
tie,n./v.
tape,n.
up,adv./prep./adj./v./n.
tiger,n.
taste,n./v.
use,v./n.
time,n./v.
taxicab/taxi/cab,n.
useful,adj.
tip,n./v.
tea,n.
usually,adv.
tired,adj.
teach,v.
vegetable,n.
to,prep.
teacher,n.
very,adv.
today,adv./n.
team,n./v.
video,n./v./adj.
toe,n.
teenager,n.
violin,n.
visit,v./n.
wise,adj.
advice,n.
visitor,n.
wish,v./n.
affair,n.
voice,n.
with,prep.
affect,v.
wait,v./n.
without,prep./adv.
against,prep.
wake,v.
woman,n.
ahead,adv.
walk,v./n.
wonderful,adj.
aid,n./v.
wall,n.
word,n.
aim,n./v.
want,v./n.
work,n./v.
aircraft,n.
warm,adj./v.
worker,n.
alarm,n./v.
watch,v./n.
world,n.
album,n.
water,n./v.
worry,v./n.
alike,adv./adj.
wave,n./v.
write,v.
alive,adj.
way,n.
writer,n.
alone,adv./adj.
wrong,adj./adv./n./v.
aloud,adv.
ourselves),pron.
yard,n.
altogether,adv.
weak,adj.
year,n.
among,prep.
wear,v.
yellow,adj./n./v.
amount,n./v.
weather,n./v.
yes/yeah,adv./n.
ancient,adj.
week,n.
yesterday,adv./n.
anger,n.
weekend,n./v.
yet,adv./conj.
angle,n.
welcome,v./adj./n.
ankle,n.
well,adv./adj./n.
west,n./adj./adv.
anyway,adv.
wet,adj./v.
young,adj./n.
anywhere/anyplace,adv.
what,pron./adj.
zero,n.
ape,n.
when,adv./conj./pron.
zoo,n.
appearance,n.
where,conj./adv./pron./n.
appetite,n.
whether,conj.
absence,n.
apply,v.
which,pron./adj.
absent,adj./v.
appreciate,v.
while,conj./n./v.
accept,v.
approach,n./v.
white,adj./n.
accident,n.
argue(argument),v./(n.)
who,pron.
account,n./v.
army,n.
whose,pron.
active,adj.
arrange(ment),v./(n.)
why,adv./n.
activity,n.
arrival,n.
wide,adj./adv.
actual,adj.
arrow,n.
wife,n.
addition,n.
article,n.
will,aux./n.
address,v./n.
artist,n.
win,v./n.
admit,v.
asleep,adj.
wind,n./v.
adult,n./adj.
attempt,n./v.
window,n.
advance,n./v.
attend,v.
attention,n.
biscuit,n.
ceiling,n.
author,n./v.
bit,n.
cell,n.
available,adj.
blackboard,n.
centimeter,n.
average,adj./n./v.
blame,v./n.
central,adj.
avoid,v.
blank,adj./n.
century,n.
backpack,n./v.
blanket,n./v.
cereal,n.
backward,adj.
blood,n.
chain,n./v.
chalk,n./v.
boil,n./v.
challenge,n./v.
badminton,n.
bone,n.
channel,n./v.
bake,v.
bookstore,n.
chapter,n.
bakery,n.
border,n./v.
character,n.
balance,n./v.
bother,v./n.
charge,n./v.
balcony,n.
brain,n.
chart,n.
balloon,n.
branch,n./v.
chase,n./v.
bar,n./v.
brand,n.
cheat,v./n.
barbecue,n./v.
brief,adj./n./v.
cheer,v./n.
barber,n.
brilliant,adj.
chemical,adj./n.
bark,n./v.
broad,adj.
chess,n.
base,n./v.
brush,n./v.
chief,adj./n.
basic,adj.
building,n.
childhood,n.
basics,n.
bun,n.
childish,adj.
basis,n.
burden,n./v.
china,n.
bathe,v.
burn,v./n.
chopstick(s),n.
battle,n./v.
burst,n./v.
claim,n./v.
beard,n.
businessman,n.
clap,v./n.
beat,v./n.
cabbage,n.
classic,adj./n.
beauty,n.
/cafe,n.
classical,adj.
beer,n.
cage,n./v.
classmate,n.
beg,v.
calendar,n.
clever,adj.
beginner,n.
calm,v./adj./n
click,v./n.
behave,v.
camel,n.
climate,n.
being,n.
cancel,v.
cloth,n.
belief,n.
cancer,n.
clothing,n.
bend,v./n.
candle,n.
cloudy,adj.
better,adj./adv./n./v.
capital,n./adj.
coal,n.
beyond,prep./adv.
cartoon,n./v.
coast,n.
bill,n./v.
cash,n./v.
cockroach/roach,n.
billion,n.
castle,n.
cocoa,n.
birth,n.
cause,n./v.
coin,n./v.
cola/Coke,n.
culture,n.
difficulty,n.
college,n.
cure,n./v.
direct,adj./v./adv.
comb,n./v.
curious,adj.
direction,n.
combine,v.
current,adj./n.
director,n.
comic(s),adj./n.
curtain,n./v.
disagree(ment),v./(n.)
command,n./v.
custom,n.
disappear,v.
commercial,adj./n.
customer,n.
discover,v.
company,n.
cycle,n./v.
discovery,n.
compare,v.
daily,adj./adv./n.
discuss,v.
complete,adj./v.
damage,n./v.
discussion,n.
complex,adj./n.
dancer,n.
disease,n.
concern,n./v.
danger,n.
display,n./v.
conclude,v.
data,n.
distance,n.
condition,n./v.
deaf,adj.
distant,adj.
confident,adj.
debate,n./v.
divide,v./n.
conflict,n./v.
debt,n.
division,n.
congratulation(s),n.
decision,n.
domestic,adj.
connection,n.
deer,n.
dot,n./v.
consider,v.
degree,n.
double,adj./v./n./adv.
consideration,n.
delay,n./v.
doubt,n./v.
contact,n./v.
delicious,adj.
dove,n.
contain,v.
deliver,v.
download,v.
continue,v.
delivery,n.
downstairs,adv./n./adj.
contract,n./v.
dentist,n.
dragon,n.
control,n./v.
deny,v.
drama,n.
conversation,n.
department,n.
drawer,n.
corn,n.
depend,v.
drawing,n.
countryside,n.
depth,n.
drug,n./v.
couple,n./v.
describe,v.
dryer,n.
courage,n.
description,n.
due,adj./adv./n.
court,n.
desert,n./v.
dull,adj./v.
cowboy,n.
design,n./v.
duty,n.
crayon,n.
detail,n./v.
eagle,n.
cream,n./adj.
develop(ment),v./(n.)
earn,v.
create,v.
dial,n./v.
earring(s),n.
crime,n.
dialogue,n.
earthquake,n.
crisis,n.
diamond,n.
ease,n./v.
crow,n.
diary,n.
eastern,adj.
crowd,n./v.
diet,n./v.
edge,n./v.
cultural,adj.
difference,n.
edition,n.
education,n.
expression,n.
forgive,v.
effect,n./v.
extra,adj./adv./n.
form,n./v.
effective,adj.
eyebrow/brow,n.
formal,adj.
effort,n.
factor,n.
former,adj.
elder,n./adj.
failure,n.
forth,adv.
electric,adj.
fair,adj./n./adv.
forward,adj./n./v.
electrical,adj.
false,adj.
forward/forwards,adv.
emotion,n.
fashion,n./v.
found,v.
emphasize,v.
fate,n.
fox,n.
employ(ment),v./(n.)
fault,n./v.
freedom,n.
employee,n.
favor,n./v.
friendship,n.
employer,n.
favorite,adj./n.
fries,n.
empty,adj./v.
fear,n./v.
fry,v./n.
encourage(ment),v./(n.)
feature,n./v.
function,n./v.
ending,n.
fee,n.
furniture,n.
enemy,n.
feeling,n.
further,adv./adj./v.
energy,n.
fellow,n.
gain,v./n.
engine,n.
female,adj./n.
garbage,n.
entire,adj.
fever,n.
gardener,n.
entrance,n.
field,n.
garlic,n.
environment,n.
figure,n./v.
gather,v.
environmental,adj.
final,adj./n.
general,adj./n.
equal,adj./v./n.
fireman/firewoman,n.
generous,adj.
escape,v./n.
firm,n./adj./v./adv.
gentle,adj.
especially,adv.
fisherman,n.
gentleman,n.
essay,n.
fit,v./adj./n./adv.
giraffe,n.
eve,n.
fix,v./n.
glue,n./v.
event,n.
flag,n.
goal,n.
evil,n./adj.
flat,adj./adv./n.
goat,n.
exact,adj.
flight,n.
gold,n./adj.
examination/exam,n.
flow,n./v.
golden,adj.
examine,v.
flu,n.
goose,n.
excite(ment),v./(n.)
focus,n./v.
govern,v.
excuse,v./n.
fog,n./v.
government,n.
exist,v.
folk,n.
gradual,adj.
existence,n.
following,adj./prep./n.
grain,n.
exit,n./v.
foolish,adj.
gram,n.
expense,n.
football,n.
grand,adj.
expert,n./adj.
force,n./v.
grape,n.
express,v./adj./adv./n.
forest,n.
greet,v.
growth,n.
income,n.
latter,adj.
guard,n./v.
increase,v./n.
law,n.
guava,n.
indeed,adv.
lay,v.
guest,n.
independence,n.
leadership,n.
guide,n./v.
independent,adj.
leaf,n.
gun,n./v.
indicate,v.
legal,adj.
gymnasium/gym,n.
individual,adj./n.
lend,v.
haircut,n.
industry,n.
length,n.
hall,n.
influence,n./v.
lens,n.
hamburger/burger,n.
ink,n./v.
liberal,adj.
handle,v./n.
insist,v.
lid,n.
handsome,adj.
instance,n.
lift,v./n.
hardly,adv.
instant,adj./n.
likely,adj./adv.
heaven,n.
instead,adv.
limit,n./v.
hero/heroine,n.
instruction,n.
link,n./v.
highly,adv.
instrument,n.
liquid,n.
highway,n.
internal,adj.
listener,n.
hike,n./v.
international,adj.
liver,n.
hip,n.
Internet/internet,n.
load,n./v.
hippopotamus/hippo,n.
introduce,v.
local,adj./n.
historical,adj.
introduction,n.
lone,adj.
hole,n.
iron,n./v./adj.
loss,n.
hop,v./n.
jam,n./v.
lower,v.
host/hostess,n.
jog,v./n.
luck,n.
huge,adj.
joint,adj./n.
magazine,n.
human,adj./n.
journal,n.
maintain,v.
humble,adj.
judge,n./v.
major,adj./n./v.
hunt,v./n.
judgment/judgement,n.
male,adj./n.
hunter,n.
justice,n.
manage(ment),v./(n.)
hurry,v./n.
keeper,n.
manager,n.
ideal,adj./n.
ketchup,n.
mango,n.
identity,n.
kilogram,n.
manner,n.
ignore,v.
lack,n./v.
marriage,n.
ill,adj./adv./n.
lady,n.
marry,v.
image,n.
ladybug,n.
mask,n./v.
imagine,v.
lamb,n./v.
mass,n.
importance,n.
lane,n.
master,n./v.
impressive,adj.
lantern,n.
mat,n.
improve(ment),v./(n.)
lap,n.
match,n.
include,v.
latest,adj.
mate,n./v.
material,n.
negative,adj./n.
pardon,n./v.
mature,adj.
neighbor,n.
participate,v.
meaning,n.
neither,adj./adv./pron./
particular,adj.
means,n.
partner,n.
measure(ment),v./(n.)
nephew,n.
password,n.
medical,adj.
nerve,n.
paste,n./v.
melody,n.
nervous,adj.
path,n.
membership,n.
network,n./v.
patient,n./adj.
memory,n.
niece,n.
pattern,n./v.
mention,v./n.
nod,n./v.
peace,n.
message,n.
none,pron./adv.
peaceful,adj.
metal,n./adj.
noodle,n.
peach,n.
meter,n.
nor,conj.
peak,n./v.
method,n.
northern,adj.
pear,n.
midnight,n.
notebook,n.
per,prep.
mile,n.
novel,n./adj.
perfect,adj./v./n.
military,adj./n.
nut,n.
period,n.
minor,adj./n.
obey,v.
personal,adj.
minority,n.
object,n./v.
personality,n.
mirror,n./v.
obvious,adj.
phrase,n./v.
mix,n./v.
occur,v.
pillow,n.
mixture,n.
ocean,n.
pizza,n.
model,n./v.
offer,v./n.
plain,adj./n.
mood,n.
official,adj./n.
platform,n.
mop,n./v.
operate,v.
playground,n.
motion,n.
operator,n.
pleasant,adj.
motorcycle,n.
opinion,n.
plus,prep./n./adj.
mug,n.
ordinary,adj.
poem,n.
musical,adj./n.
organ,n.
poet,n.
musician,n.
organization,n.
poetry,n.
nail,n.
origin,n.
poison,n./v.
narrow,adj./v.
owner,n.
policeman/cop,n.
nation,n.
pain,n./v.
policy,n.
natural,adj.
painful,adj.
pop,n./adj.
naughty,adj.
painting,n.
population,n.
nearby,adj./adv.
pajamas,n.
pork,n.
nearly,adv.
pale,adj.
port,n.
necessary,adj.
pan,n.
pose,v./n.
necklace,n.
panda,n.
position,n./v.
needle,n.
papaya,n.
positive,adj./n.
possibility,n.
purple,adj./n.
review,n./v.
post,n./v./adv.
purpose,n.
riches,n.
postcard,n.
puzzle,n./v.
rocky,adj.
pound,n.
quality,n.
role,n.
powerful,adj.
quantity,n.
roof,n./v.
praise,n./v.
quiz,n.
rooster,n.
pray,v.
railroad/railway,n.
royal,adj.
prayer,n.
raincoat,n.
rub,v./n.
prefer,v.
range,n./v.
rubber,n.
president,n.
rapid,adj.
rude,adj.
press,n./v.
rare,adj.
runner,n.
pressure,n./v.
rat,n.
safety,n.
pride,n./v.
rather,adv.
sail,v./n.
priest,n.
reality,n.
sailor,n.
primary,adj.
realize,v.
prince/princess,n.
receive,v.
saleswoman,n.
principal,adj./n.
recent,adj.
salty,adj.
principle,n.
record,n./v.
sample,n./v.
print,n./v.
recover,v.
sand,n./v.
printer,n.
refrigerator/fridge,n.
sandwich,n./v.
prison,n.
refuse,v.
satisfy,v.
prisoner,n.
regard,n./v.
saw,v./n.
private,adj.
region,n.
scare,v./n.
prize,n./v.
regular,adj./n.
scared,adj.
produce,v./n.
reject,v.
scene,n.
production,n.
relate,v.
schedule,n./v.
progress,n./v.
relation,n.
scooter,n.
project,n.
relationship,n.
score,n./v.
promise,n./v.
religion,n.
screen,n.
proper,adj.
remove,v.
seafood,n.
propose,v.
rent,n./v.
search,n./v.
protect,v.
repair,n./v.
secondary,adj.
protective,adj.
reply,n./v.
secret,adj./n.
prove,v.
require(ment),v./(n.)
section,n.
provide,v.
respect,n./v.
seek,v.
pudding,n.
respond,v.
seem,v.
pumpkin,n.
responsible,adj.
seesaw,n.
punish(ment),v./(n.)
restroom,n.
seldom,adv.
pupil,n.
result,n./v.
select,v./adj.
puppy,n.
return,v./n.
selection,n.
self,n.
snowy,adj.
strawberry,n.
selfish,adj.
soap,n./v.
stream,n./v.
sense,n./v.
soccer,n.
stress,n./v.
sensitive,adj.
social,adj.
stretch,n./v.
separate,adj./v.
society,n.
strict,adj.
servant,n.
sock(s),n.
strike,n./v.
serve,v.
soda,n.
struggle,n./v.
settle(ment),v./(n.)
soft,adj.
style,n./v.
sex,n.
soil,n.
shame,n./v.
solution,n.
metro,n.
shark,n.
solve,v.
succeed,v.
sheet,n.
somewhat,adv.
success,n.
shelf,n.
sort,n./v.
such,adj./pron.
shell,n.
soul,n.
sudden,adj./n.
shine,v./n.
sour,adj./n./v.
suggest,v.
shock,n./v.
source,n.
suit,n./v.
shoot,v./n.
southern,adj.
suitable,adj.
shopkeeper,n.
soybean,n.
super,adj./adv.
shore,n.
speaker,n.
supper,n.
shot,n.
speech,n.
supply,n./v.
shut,v./adj.
speed,n./v.
support,n./v.
shy,adj.
spelling,n.
suppose,v.
sidewalk,n.
spider,n.
surf,v.
silence,n./v.
spirit,n.
surface,n./v.
silent,adj.
spoon,n.
survival,n.
silly,adj.
sport,n./v.
survive,v.
silver,n./adj.
spot,n./v.
swallow,v./n.
similar,adj.
spread,v./n.
sweater,n.
simply,adv.
stage,n./v.
sweep,v.
single,adj./n./v.
stamp,n./v.
swim,v./n.
skill,n.
standard,adj./n.
swimsuit,n.
skilled,adj.
state(ment),v./(n.)
swing,n./v.
skin,n.
steak,n.
switch,n./v.
sleepy,adj.
steel,n./v.
symbol,n.
slide,n./v.
step,n./v.
system,n.
slip,v./n.
stick,v./n.
tale,n.
slipper(s),n.
stomachache,n.
target,n./v.
smooth,adj./v.
stone,n./v.
task,n./v.
snack,n./v.
storm,n./v.
tax,n./v.
snail,n.
stranger,n.
teapot,n.
tear,n./v.
true,adj./adv./v.
weight,n.
technology,n.
trust,v./n.
western,adj./n.
teens,n.
truth,n.
whale,n.
temperature,n.
tube,n.
whatever,adj./pron.
term,n./v.
turtle,n.
wheel,n.
terrorism,n.
typhoon,n.
whenever,conj./adv.
terrorist,adj.
typical,adj.
wherever,adv./conj.
text,n.
ugly,adj.
whisper,n./v.
textbook,n.
umbrella,n.
whoever,pron.
therefore,adv.
unit,n.
whole,adj./n.
thief,n.
universe,n.
whom,pron.
thirsty,adj.
university,n.
width,n.
thought,n.
unless,conj.
wild,adj./adv./n.
throughout,prep./adv.
upload,v.
willing,adj.
thunder,n./v.
upon,prep.
windy,adj.
thus,adv.
upper,adj.
wine,n.
till,conj./prep.
upset,adj./v./n.
wing,n.
tiny,adj.
upstairs,adv./adj./n.
wire,n.
tire,v./n.
used,adj.
within,prep./adv.
tissue,n.
user,n.
wolf,n.
title,n./v.
usual,adj.
wonder,v./n.
toast,n./v.
vacation,n./v.
wood(s),n.
tofu,n.
valley,n.
wooden,adj.
tone,n.
valuable,adj.
wool,n.
tongue,n.
value,n./v.
workbook,n.
toothache,n.
victory,n.
worm,n./v.
toothbrush,n.
view,n./v.
worse,adj./adv./n.
tour,n./v.
village,n.
worst,adj./adv./n.
toward/towards,prep.
vote,n./v.
worth,adj./n.
track,n./v.
waist,n.
wound,n./v.
trade,n./v.
waiter/waitress,n.
yam,n.
tradition,n.
wallet,n.
youth,n.
traditional,adj.
war,n.
zebra,n.
trap,n./v.
wash,v./n.
trash,n./v.
waste,n./v.
aboard,prep./adv.
travel,n./v.
watermelon,n.
acceptable,adj.
treasure,n./v.
wealth,n.
accurate,adj.
trial,n.
wedding,n.
ache,n./v.
triangle,n.
weekday,n.
achieve(ment),v./(n.)
trick,n./v.
weigh,v.
additional,adj.
admire,v.
audience,n.
bold,adj.
advanced,adj.
automatic,adj.
bomb,n./v.
advantage,n.
automobile/auto,n.
bookcase,n.
adventure,n.
avenue,n.
boot,n./v.
bore,v./n.
bowling,n.
advise,v.
award,n./v.
brake,n./v.
adviser/advisor,n.
aware,adj.
brass,n./adj.
afford,v.
awful,adj.
bravery,n.
breast,n.
background,n.
breath,n.
agriculture,n.
bacon,n.
breathe,v.
airline,n.
bacteria,n.
breeze,n./v.
alley,n.
badly,adv.
brick,n.
almond,n.
baggage,n.
bride,n.
alphabet,n.
bait,n./v.
broadcast,n./v.
amaze(ment),v./(n.)
bamboo,n.
brunch,n.
ambassador,n.
bang,n./v./adv.
bubble,n./v.
ambition,n.
banker,n.
bucket,n.
ambulance,n.
bare,adj./v.
bud,n./v.
angel,n.
barely,adv.
budget,n./v.
announce(ment),v./(n.)
barn,n.
buffalo,n.
anxious,adj.
barrel,n.
buffet,n.
anyhow,adv.
basement,n.
bulb,n.
apart,adv.
bay,n.
bull,n.
apologize,v.
bead,n.
bullet,n.
appeal,n./v.
beam,n./v.
bump,n./v.
approve,v.
beast,n.
bunch,n.
apron,n.
beetle,n.
bundle,n.
armed,adj.
beneath,prep.
bury,v.
arrest,n./v.
benefit,n./v.
bush,n.
ash,n.
berry,n.
buzz,n./v.
aside,adv.
besides,adv./prep.
cabin,n.
assist,v.
bet,v./n.
cable,n./v.
assistant,n.
bind,v.
cafeteria,n.
assume,v.
bitter,adj.
campus,n.
athlete,n.
bleed,v.
canyon,n.
attitude,n.
bless,v.
capable,adj.
attract,v.
bloody,adj.
captain,n.
attractive,adj.
blouse,n.
capture,v./n.
career,n.
collar,n.
cricket,n.
carpenter,n.
collection,n.
criminal,adj./n.
carpet,n./v.
colony,n.
crispy,adj.
carriage,n.
colorful,adj.
crop,n./v.
cart,n./v.
column,n.
crown,n./v.
cast,v./n.
comfort,n./v.
cruel,adj.
casual,adj.
comma,n.
cupboard,n.
cattle,n.
committee,n.
dairy,n.
cave,n./v.
communicate,v.
dam,n./v.
champion,n.
comparison,n.
dare,aux./v.
charm,n./v.
compete,v.
darling,n./adj.
chat,n./v.
complain,v.
dash,n./v.
cheek,n.
complaint,n.
database,n.
cheerful,adj.
concert,n.
dawn,n./v.
cherry,n./adj.
conclusion,n.
dealer,n.
chest,n.
cone,n.
decade,n.
chill,n./v./adj.
confirm,v.
deck,n.
chilly,adj.
confuse,v.
decorate,v.
chimney,n.
connect,v.
decrease,v./n.
chin,n.
conscious,adj.
deed,n.
chip,n./v.
considerable,adj.
deepen,v.
chop,n./v.
constant,adj./n.
definition,n.
cigarette,n.
continent,n.
democracy,n.
cinema,n.
controller,n.
democratic,adj.
circus,n.
cooker,n.
deposit,n./v.
citizen,n.
costly,adj.
designer,n.
civil,adj.
cotton,n.
desirable,adj.
clay,n.
cough,n./v.
desire,n./v.
cleaner,n.
countable,adj.
dessert,n.
client,n.
county,n.
destroy,v.
clinic,n.
crab,n.
detect,v.
clip,n./v.
cradle,n./v.
determine,v.
closet,n.
crane,n./v.
devil,n.
clothe,v.
crash,n./v.
dim,adj./v.
clown,n./v.
crawl,v./n.
dime,n.
clue,n.
creative,adj.
dine,v.
coach,n./v.
creator,n.
dinosaur,n.
cock,n.
creature,n.
dip,v./n.
cocktail,n.
credit,n./v.
dirt,n.
coconut,n.
crew,n.
discount,n./v.
dishonest,adj.
emergency,n.
flashlight,n.
disk/disc,n.
emotional,adj.
flavor,n./v.
dislike,v./n.
emperor,n.
flesh,n.
ditch,n./v.
enable,v.
float,v./n.
dive,n./v.
energetic,adj.
flock,n./v.
dizzy,adj.
engage(ment),v./(n.)
flood,n./v.
dock,n./v.
enjoyable,adj.
flour,n.
dolphin,n.
entry,n.
flute,n.
donkey,n.
envy,n./v.
foggy,adj.
dose,n./v.
erase,v.
fold,v./n.
doubtful,adj.
excellence,n.
follower,n.
doughnut,n.
exchange,n./v.
fond,adj.
downtown,adj./adv./n.
exhibition,n.
forever,adv.
drag,v./n.
expectation,n.
fortune,n.
dragonfly,n.
experiment,n./v.
fountain,n.
drain,v./n.
explode,v.
frank,adj.
dramatic,adj.
explore,v.
freeze,v./n.
drip,n./v.
export,n./v.
freezer,n.
drown,v.
expressive,adj.
frequent,adj./v.
drugstore,n.
extreme,adj./n.
fright,n.
drunk,adj./n.
fade,v.
frighten,v.
dumb,adj.
faint,adj./v./n.
fuel,n./v.
dump,v./n.
fairly,adv.
fund,n./v.
dumpling,n.
fairy,n./adj.
fur,n.
dust,n./v.
faith,n.
gallon,n.
eager,adj.
fake,adj./v./n.
gamble,n./v.
echo,n./v.
familiar,adj.
gang,n./v.
edit,v.
fancy,adj./n./v.
gap,n.
editor,n.
fare,n.
garage,n.
educate,v.
farther,adv./adj.
gasoline/gas,n.
educational,adj.
fashionable,adj.
geography,n.
efficient,adj.
faucet,n.
gesture,n./v.
elbow,n./v.
fearful,adj.
glance,n./v.
elderly,adj.
feather,n.
global,adj.
elect,v./adj.
fence,n.
glory,n.
election,n.
fighter,n.
glow,n./v.
electricity,n.
firework,n.
golf,n./v.
electronic,adj.
fist,n./v.
gossip,n./v.
element,n.
flame,n./v.
governor,n.
elevator,n.
flash,n./v.
grab,v./n.
graduate,n./v.
holy,adj.
invitation,n.
grasp,v./n.
homesick,adj.
ivory,n./adj.
grasshopper,n.
hometown,n.
jail,n./v.
grassy,adj.
honesty,n.
jar,n.
greedy,adj.
honor,n./v.
jaw,n.
greenhouse,n.
hopeful,adj.
jazz,n.
grin,n./v.
horn,n.
jealous,adj.
grocery,n.
horrible,adj.
jeep,n.
guidance,n.
horror,n.
jelly,n.
gum,n.
hourly,adj./adv.
jet,n./v.
hairdresser,n.
housekeeper,n.
jewel,n.
hallway,n.
hug,n./v.
jewelry,n.
hammer,n./v.
hum,v.
journey,n./v.
handful,n.
humid,adj.
joyful,adj.
handkerchief,n.
humor,n.
juicy,adj.
handy,adj.
humorous,adj.
jungle,n.
hanger,n.
hunger,n.
junior,adj./n.
harbor,n./v.
hut,n.
junk,n./v.
harm,n./v.
icy,adj.
kangaroo,n.
harmful,adj.
imagination,n.
keyboard,n.
harvest,n./v.
immediate,adj.
kidney,n.
hasty,adj.
import,n./v.
kilometer,n.
hatch,n./v.
impress,v.
kindergarten,n.
hateful,adj.
indoor,adj.
kingdom,n.
hay,n.
indoors,adv.
kit,n.
headline,n./v.
industrial,adj.
knight,n.
headquarters,n.
inferior,adj./n.
knit,v./n.
heal,v.
inform,v.
knot,n./v.
heap,n./v.
information,n.
koala,n.
heater,n.
injury,n.
label,n./v.
heel,n./v.
inn,n.
lace,n./v.
hell,n.
inner,adj.
ladder,n.
helmet,n.
innocent,adj.
lately,adv.
hesitate,v.
inspect,v.
laughter,n.
hint,n./v.
inspector,n.
laundry,n.
hire,v./n.
intelligent,adj.
lawn,n.
historian,n.
interrupt,v.
leak,n./v.
historic,adj.
invent,v.
leap,n./v.
holder,n.
inventor,n.
learning,n.
hollow,adj./n./v.
investigate,v.
leather,n.
leisure,n.
meaningful,adj.
napkin,n.
lemonade,n.
meanwhile,n./adv.
native,adj./n.
leopard,n.
medal,n.
navy,n.
lettuce,n.
medium/media,n.
neat,adj.
liberty,n.
melon,n.
necessity,n.
lick,v./n.
melt,v.
necktie,n.
lifetime,n.
mend,v.
neighborhood,n.
lighthouse,n.
mental,adj.
nest,n./v.
lightning,n.
merry,adj.
nickname,n./v.
lily,n.
mess,n./v.
normal,adj.
limb,n.
microphone/mike,n.
novelist,n.
litter,n./v.
microwave,n./v.
nun,n.
lively,adj.
mighty,adj.
oak,n.
loaf,n.
minus,prep./n./adj.
observe,v.
lobby,n.
miracle,n.
occasion,n.
locate,v.
misery,n.
odd,adj.
location,n.
missile,n.
omit,v.
lock,n./v.
missing,adj.
ongoing,adj.
log,n./v.
mission,n.
onion,n.
lollipop,n.
mist,n./v.
onto,prep.
loose,adj.
mob,n./v.
operation,n.
lord,n.
mobile,adj.
opportunity,n.
loser,n.
moist,adj.
opposite,adj./n./prep./adv.
lover,n.
moisture,n.
optimistic,adj.
luggage,n.
monk,n.
oral,adj./n.
lung,n.
monster,n.
organic,adj.
magical,adj.
monthly,adj./adv./n.
organize,v.
magician,n.
moral,adj./n.
original,adj./n.
magnet,n.
mosquito,n.
outdoor,adj.
maid,n.
mostly,adv.
outdoors,adv.
majority,n.
motel,n.
outer,adj.
mall,n.
moth,n.
outline,n./v.
mankind/humankind,n.
motor,n.
oven,n.
marble,n.
multiply,v.
overseas,adv./adj.
march,n./v.
murder,n./v.
owe,v.
marker,n.
muscle,n.
owl,n.
marvelous,adj.
mushroom,n./v.
ownership,n.
mathematical,adj.
mystery,n.
ox,n.
mayor,n.
naked,adj.
pad,n./v.
meadow,n.
nap,n./v.
painter,n.
pal,n.
plastic,n./adj.
punch,n./v.
palace,n.
playful,adj.
puppet,n.
palm,n.
plenty,pron./n./adv.
pure,adj.
pancake,n.
plug,n./v.
purse,n.
panic,n./v.
pole,n.
queer,adj.
parade,n./v.
political,adj.
quit,v.
paradise,n.
politician,n.
quote,v./n.
parcel,n./v.
politics,n.
racial,adj.
parrot,n./v.
poll,n./v.
rag,n.
passage,n.
pollute,v.
rank,n./v.
passenger,n.
pollution,n.
rate,n./v.
passion,n.
porcelain,n.
raw,adj.
passport,n.
portion,n./v.
ray,n.
pat,v./n.
portrait,n.
razor,n.
patience,n.
poster,n.
react,v.
pause,n./v.
postpone(ment),v./(n.)
reaction,n.
pave(ment),v./(n.)
pottery,n.
reasonable,adj.
pea,n.
pour,v.
receipt,n.
peanut,n.
poverty,n.
receiver,n.
pearl,n.
powder,n./v.
recognize,v.
peel,v./n.
practical,adj.
recorder,n.
penguin,n.
precious,adj.
rectangle,n.
penny,n.
preparation,n.
reduce,v.
pepper,n.
presence,n.
regional,adj.
perform,v.
pretend,v.
regret,v./n.
performance,n.
prevent,v.
relax,v.
permission,n.
previous,adj.
release,n./v.
permit,v./n.
probable,adj.
reliable,adj.
persuade,v.
process,n./v.
relief,n.
photographer,n.
producer,n.
religious,adj.
pigeon,n.
product,n.
rely,v.
pile,n./v.
professor,n.
remain,v.
pill,n.
profit,n./v.
remind,v.
pilot,n./v.
promote,v.
remote,adj.
pine,n.
pronounce,v.
replace(ment),v./(n.)
pineapple,n.
proof,n.
represent,v.
pint,n.
property,n.
representative,adj./n.
pit,n.
protection,n.
republic,n.
pitch,n./v.
pub,n.
request,n./v.
pity,n./v.
pump,n./v.
reserve,n./v.
resist,v.
scholarship,n.
skip,v./n.
resource,n.
scientific,adj.
slave,n./v.
response,n.
scientist,n.
sleeve,n.
responsibility,n.
scissors,n.
slender,adj.
restrict,v.
scout,n./v.
slice,n./v.
reveal,v.
scream,v./n.
slippery,adj.
ribbon,n.
screw,v./n.
slope,n.
rid,adj./v.
scrub,n./v.
snap,v./n.
ripe,adj.
seal,n./v.
solid,adj.
risk,n./v.
security,n.
someday,adv.
roar,n./v.
semester,n.
somehow,adv.
roast,adj./n./v.
senior,adj./n.
sometime,adv.
rob,v.
sensible,adj.
sorrow,n.
robbery,n.
separation,n.
spaghetti,n.
robe,n.
sexual,adj.
specific,adj.
rocket,n.
sexy,adj.
spice,n./v.
romantic,adj./n.
shadow,n./v.
spill,v./n.
rot,v./n.
shallow,adj.
spin,n./v.
rotten,adj.
shampoo,n./v.
spinach,n.
rough,adj./adv./n.
shepherd,n.
spit,v./n.
roughly,adv.
shiny,adj.
spite,n.
routine,n./adj.
shorten,v.
splash,n./v.
rug,n.
shortly,adv.
spoil,v.
rumor,n./v.
shovel,n./v.
spray,n./v.
rush,n./v.
shrimp,n.
spy,n./v.
rust,n./v.
shrink,v.
squeeze,v./n.
sack,n.
sigh,n./v.
squirrel,n.
sake,n.
signal,n./v.
stable,adj.
salary,n.
significant,adj.
stadium,n.
satisfactory,adj.
silk,n.
staff,n./v.
sauce,n.
similarity,n.
stale,adj.
saucer,n.
sin,n./v.
stare,v./n.
sausage,n.
sincere,adj.
starve,v.
saving(s),n.
sink,n./v.
statue,n.
scale(s),n.
sip,v./n.
steady,adj./v./adv./n.
scarce,adj.
situation,n.
steal,v.
scarf,n.
skate,v./n.
steam,n./v.
scary,adj.
ski,n./v.
steep,adj.
scatter,v./n.
skillful,adj.
sticky,adj.
scholar,n.
skinny,adj.
stiff,adj.
sting,n./v.
talent,n.
transport,n./v.
stir,v./n.
talkative,adj.
traveler,n.
stitch,n./v.
tame,adj./v.
tray,n.
stomach,n.
tangerine,n.
trend,n.
stool,n.
tank,n.
tribe,n.
stormy,adj.
tap,v./n.
tricky,adj.
stove,n.
tasty,adj.
troop,n.
strategy,n.
tease,v.
tropical,adj.
straw,n.
technical,adj.
trumpet,n.
strength,n.
technique,n.
trunk,n.
strip,n./v.
teenage,adj.
truthful,adj.
structure,n.
temper,n.
tub,n.
stubborn,adj.
temporary,adj.
tug,n./v.
studio,n.
tend,v.
tune,n./v.
stuff,n./v.
tender,adj.
tunnel,n./v.
substance,n.
tent,n.
tutor,n./v.
subtract,v.
terrific,adj.
twin,n.
suburb,n.
territory,n.
twist,n./v.
suck,v./n.
thankful,adj.
underlying,v.
suffer,v.
theory,n.
underwear,n.
sufficient,adj.
thirst,n.
union,n.
suicide,n.
thread,n./v.
unique,adj./n.
sum,n./v.
threat,n.
unite,v.
summary,n.
threaten,v.
unity,n.
summit,n.
thumb,n./v.
urban,adj.
superior,adj./n.
tide,n.
vacant,adj.
surround,v.
tight,adj./adv.
van,n.
survey,n./v.
tighten,v.
vanish,v.
survivor,n.
timber,n.
variety,n.
suspect,v./n./adj.
tobacco,n.
various,adj.
suspicion,n.
ton,n.
vary,v.
swan,n.
toss,v./n.
vase,n.
swear,v.
tough,adj.
vehicle,n.
sweat,n./v.
tourism,n.
verse,n.
swell,v./n.
tourist,n.
vest,n.
swift,adj.
tow,n./v.
victim,n.
sword,n.
tower,n.
violence,n.
tablet,n.
trace,n./v.
violent,adj.
tag,n./v.
trader,n.
violet,adj./n.
tailor,n.
trail,n./v.
visible,adj.
vision,n.
absolute,adj.
annoy,v.
vitamin,n.
absorb,v.
annual,adj.
vivid,adj.
abstract,adj.
anxiety,n.
vocabulary,n.
academic,adj.
apology,n.
volleyball,n.
accent,n.
apparent,adj.
volume,n.
acceptance,n.
applicant,n.
voter,n.
access,n./v.
application,n.
wage(s),n.
accidental,adj.
appoint(ment),v./(n.)
wagon,n.
accompany,v.
appreciation,n.
wander,v./n.
accomplish(ment),v./(n.)
appropriate,adj.
warmth,n.
accountant,n.
approval,n.
warn,v.
accuracy,n.
aquarium,n.
waterfall,n.
accuse,v.
arch,n./v.
wax,n./v.
acid,n./adj.
arise,v.
weaken,v.
acquaintance,n.
arms,n.
wealthy,adj.
acquire,v.
artificial,adj.
weapon,n.
adapt,v.
artistic,adj.
weave,v./n.
addict,n./v.
ashamed,adj.
web,n.
adequate,adj.
aspect,n.
wed,v.
adjust(ment),v./(n.)
aspirin,n.
weed,n./v.
admirable,adj.
assemble,v.
weekly,adj./adv./n.
admiration,n.
assembly,n.
weep,v.
admission,n.
assign(ment),v./(n.)
wheat,n.
adopt,v.
assistance,n.
whip,n./v.
agency,n.
associate,adj./n./v.
whistle,n./v.
agent,n.
association,n.
wicked,adj.
aggressive,adj.
assurance,n.
widen,v.
agreeable,adj.
assure,v.
wipe,v./n.
alcohol,n.
athletic,adj.
wisdom,n.
alert,adj./v./n.
atmosphere,n.
wrap,v./n.
allowance,n.
atom,n.
wrist,n.
alternative,adj./n.
atomic,adj.
yearly,adj./adv.
amateur,adj./n.
attach(ment),v./(n.)
yell,v./n.
ambiguous,adj.
attraction,n.
yolk,n.
ambitious,adj.
audio,adj.
youngster,n.
amuse(ment),v./(n.)
authentic,adj.
zipper,n./v.
analysis,n.
authority,n.
zone,n./v.
analyze,v.
autobiography,n.
ancestor,n.
autograph,n./v.
anniversary,n.
await,v.
abandon,v.
bald,adj.
capitalist,n.
communication,n.
ballet,n.
cargo,n.
community,n.
bandage,n./v.
carrier,n.
companion,n.
bankrupt,adj./v./n.
carve,v.
competition,n.
bargain,n./v.
catalogue,n./v.
competitive,adj.
barrier,n.
category,n.
competitor,n.
basin,n.
cease,v./n.
complicate,v.
battery,n.
celebration,n.
compose,v.
beggar,n.
chamber,n.
composer,n.
behavior,n.
championship,n.
composition,n.
bin,n.
characteristic,n./adj.
concentrate,v.
biography,n.
charity,n.
concentration,n.
biology,n.
chemistry,n.
concept,n.
blade,n.
cherish,v.
concerning,prep.
blend,v./n.
chew,v./n.
concrete,adj./n./v.
blessing,n.
choke,v./n.
conductor,n.
blink,v./n.
chorus,n.
conference,n.
bloom,n./v.
circular,adj.
confess,v.
blossom,n./v.
circulate,v.
confidence,n.
boast,v./n.
circulation,n.
confusion,n.
bond,n./v.
circumstance,n.
congratulate,v.
bounce,v./n.
civilian,adj./n.
congress,n.
bracelet,n.
civilization,n.
conquer,v.
breed,n./v.
clarify,v.
conscience,n.
bridegroom/groom,n.
clash,n./v.
consequence,n.
broke,adj.
classification,n.
consequent,adj.
broom,n.
classify,v.
conservative,adj./n.
brutal,adj.
claw,n./v.
consist,v.
bulletin,n.
cliff,n.
consistent,adj.
burglar,n.
clumsy,adj.
constitute,v.
cabinet,n.
coarse,adj.
constitution,n.
calculate,v.
code,n./v.
construct,v.
calculation,n.
collapse,n./v.
construction,n.
calorie,n.
colleague,n.
constructive,adj.
campaign,n./v.
combination,n.
consult,v.
candidate,n.
comedy,n.
consultant,n.
cane,n.
commander,n.
consume,v.
canoe,n./v.
comment,n./v.
consumer,n.
capacity,n.
commerce,n.
container,n.
capital(ism),n.
commit,v.
content,n./adj.
content(ment),v./(n.)
crush,n./v.
diagram,n./v.
contest,n./v.
cube,n./v.
differ,v.
context,n.
cue,n./v.
digest,n./v.
continual,adj.
cunning,adj./n.
digital,adj.
continuous,adj.
curiosity,n.
dignity,n.
contrary,n./adj.
curl,n./v.
diligence,n.
contrast,n./v.
curse,n./v.
diligent,adj.
contribute,v.
curve,n./v.
diploma,n.
contribution,n.
cushion,n./v.
diplomat,n.
convenience,n.
damp,adj./n./v.
disability,n.
convention,n.
deadline,n.
disadvantage,n./v.
conventional,adj.
declare,v.
disappoint(ment),v./(n.)
converse,v.
decoration,n.
disaster,n.
convey,v.
defeat,n./v.
discipline,n./v.
convince,v.
defend,v.
discourage(ment),v./(n.)
cooperate,v.
defense,n.
disguise,v./n.
cooperation,n.
defensible,adj.
disgust,n./v.
cooperative,adj./n.
defensive,adj.
dismiss,v.
cope,v.
definite,adj.
disorder,n./v.
copper,n./adj.
delicate,adj.
dispute,n./v.
cord,n.
delight,n./v.
distinct,adj.
correspond,v.
delightful,adj.
distinguish,v.
costume,n.
demand,n./v.
distinguished,adj.
cottage,n.
demonstrate,v.
distribute,v.
council,n.
demonstration,n.
distribution,n.
counter,n./v./adj./adv.
dense,adj.
district,n.
courageous,adj.
depart,v.
disturb,v.
courtesy,n.
departure,n.
diverse,adj.
coward,n.
dependent,adj./n.
diversity,n.
crack,n./v.
depression,n.
divine,adj.
craft,n.
deserve,v.
divorce,n./v.
creation,n.
desperate,adj.
dodge,v./n.
creativity,n.
despite,prep.
dominant,adj.
creep,v.
destruction,n.
dominate,v.
critic,n.
detective,n./adj.
draft,n./v.
critical,adj.
determination,n.
dread,n./v.
criticism,n.
device,n.
drift,v./n.
criticize,v.
devise,v.
drill,n./v.
cruelty,n.
devote,v.
drowsy,adj.
crunchy,adj.
dew,n.
durable,adj.
dusty,adj.
ethnic,adj./n.
fireplace,n.
dye,n./v.
evaluate,v.
flatter,v.
dynamic,adj.
evaluation,n.
flea,n.
dynasty,n.
eventual,adj.
flee,v.
earnest,adj./n.
evidence,n./v.
flexible,adj.
earphone,n.
evident,adj.
fluent,adj.
economic,adj.
exaggerate,v.
flush,v./n.
economical,adj.
exception,n.
foam,n./v.
economics,n.
exhaust,n./v.
forbid,v.
economist,n.
exhibit,n./v.
forecast,n./v.
economy,n.
expand,v.
formation,n.
efficiency,n.
expansion,n.
formula,n.
elastic,adj./n.
experimental,adj.
fort,n.
electronics,n.
explanation,n.
fortunate,adj.
elegant,adj.
explosion,n.
fossil,n./adj.
elementary,adj.
explosive,adj./n.
foundation,n.
eliminate,v.
expose,v.
founder,n.
elsewhere,adv.
exposure,n.
fragile,adj.
embarrass(ment),v./(n.)
extend,v.
frame,n./v.
embassy,n.
extent,n.
frequency,n.
emerge,v.
facial,adj.
freshman,n.
emphasis,n.
facility,n.
frost,n./v.
empire,n.
faithful,adj.
frown,n./v.
enclose,v.
fame,n.
frustrate,v.
encounter,n./v.
fantastic,adj.
frustration,n.
endanger,v.
fantasy,n.
fulfill(ment),v./(n.)
endure,v.
farewell,n.
functional,adj.
enforce(ment),v./(n.)
fasten,v.
fundamental,adj./n.
engineering,n.
fatal,adj.
funeral,n.
enlarge(ment),v./(n.)
favorable,adj.
furious,adj.
enormous,adj.
fax,n./v.
furnish,v.
ensure,v.
feast,n./v.
furthermore,adv.
entertain(ment),v./(n.)
feedback,n.
gallery,n.
enthusiasm,n.
ferry,n./v.
gaze,n./v.
equality,n.
fertile,adj.
gear,n./v.
equip(ment),v./(n.)
fetch,v./n.
gender,n.
era,n.
fiction,n.
gene,n.
essential,adj./n.
fierce,adj.
generation,n.
establish(ment),v./(n.)
finance,n./v.
generosity,n.
estimate,n./v.
financial,adj.
genius,n.
genuine,adj.
hawk,n.
including,prep.
germ,n.
helicopter,n.
incredible,adj.
gifted,adj.
herd,n./v.
indication,n.
gigantic,adj.
hesitation,n.
infant,n.
giggle,n./v.
hive,n.
infection,n.
ginger,n.
homeland,n.
inflation,n.
glimpse,n./v.
honeymoon,n./v.
influential,adj.
globe,n.
hook,n./v.
informative,adj.
glorious,adj.
horizon,n.
ingredient,n.
goods,n.
horrify,v.
initial,adj./n./v.
gown,n.
hose,n./v.
injure,v.
grace,n./v.
household,n.
innocence,n.
graceful,adj.
housework,n.
input,n./v.
gracious,adj.
humanity,n.
insert,v./n.
graduation,n.
humidity,n.
inspection,n.
grammar,n.
hurricane,n.
inspiration,n.
grammatical,adj.
hush,n./v.
inspire,v.
graph,n./v.
hydrogen,n.
install,v.
grateful,adj.
identical,adj.
instinct,n.
gratitude,n.
identification,n.
instruct,v.
grave,n./adj.
identify,v.
instructor,n.
greasy,adj.
idiom,n.
insult,n./v.
greeting(s),n.
idle,adj./v.
insurance,n.
grief,n.
idol,n.
intellectual,adj./n.
grind,v./n.
ignorance,n.
intelligence,n.
guarantee,v./n.
ignorant,adj.
intend,v.
guardian,n.
illustrate,v.
intense,adj.
guilt,n.
illustration,n.
intensity,n.
guilty,adj.
imaginary,adj.
intensive,adj.
gulf,n.
imaginative,adj.
intention,n.
habitual,adj.
imitate,v.
interact,v.
halt,n./v.
imitation,n.
interaction,n.
handwriting,n.
immigrant,n.
interfere,v.
hardship,n.
immigrate,v.
intermediate,adj./n./v.
hardware,n.
immigration,n.
interpret,v.
harmony,n.
impact,n./v.
interruption,n.
harsh,adj.
imply,v.
intimate,adj./n.
haste,n.
impose,v.
intuition,n.
hasten,v.
impression,n.
invade,v.
hatred,n.
incident,n.
invasion,n.
invention,n.
logical,adj.
mischief,n.
invest(ment),v./(n.)
loosen,v.
miserable,adj.
investigation,n.
lousy,adj.
misfortune,n.
involve(ment),v./(n.)
loyal,adj.
mislead,v.
isolate,v.
loyalty,n.
misunderstand,v.
isolation,n.
luxurious,adj.
moderate,adj.
issue,n./v.
luxury,n.
modest,adj.
jealousy,n.
machinery,n.
modesty,n.
keen,adj.
magnetic,adj.
monitor,n./v.
kettle,n.
magnificent,adj.
monument,n.
kneel,v.
makeup,n.
moreover,adv.
knob,n.
manual,n./adj.
motivate,v.
labor,n./v.
manufacture,n./v.
motivation,n.
laboratory/lab,n.
manufacturer,n.
mountainous,adj.
lag,n./v.
marathon,n.
muddy,adj.
landmark,n.
margin,n.
mule,n.
landscape,n./v.
maturity,n.
multiple,adj.
largely,adv.
maximum,adj./n.
murderer,n.
launch,v./n.
measurable,adj.
murmur,n./v.
lawful,adj.
measure(s),n.
mutual,adj.
lean,v./adj.
mechanic,n.
mysterious,adj.
learned,adj.
mechanical,adj.
namely,adv.
lecture,n./v.
memorable,adj.
nationality,n.
lecturer,n.
memorial,adj./n.
needy,adj.
legend,n.
memorize,v.
neglect,n./v.
leisurely,adj./adv.
merchant,n.
negotiate,v.
lengthen,v.
mercy,n.
nevertheless,adv.
liar,n.
mere,adj.
nightmare,n.
librarian,n.
merit,n.
noble,adj./n.
license,n./v.
messenger,n.
nonsense,n.
lifeguard,n.
messy,adj.
nowadays,adv.
limitation,n.
microscope,n.
nuclear,adj.
linen,n.
mild,adj.
numerous,adj.
lipstick,n.
mill,n./v.
nursery,n.
liquor,n.
millionaire,n.
nutritious,adj.
literary,adj.
miner,n.
obedience,n.
literature,n.
mineral,n.
obedient,adj.
loan,n./v.
minimum,adj./n.
objection,n.
lobster,n.
minister,n.
objective,n./adj.
logic,n.
ministry,n.
observation,n.
obstacle,n.
percentage,n.
prevention,n.
obtain,v.
perfection,n.
prime,adj./n.
occasional,adj.
perfume,n./v.
primitive,adj.
occupation,n.
permanent,adj.
priority,n.
occupy,v.
persuasion,n.
privacy,n.
offend,v.
persuasive,adj.
privilege,n./v.
offense,n.
pessimistic,adj.
procedure,n.
offensive,adj.
pest,n.
proceed,v.
opera,n.
phenomenon,n.
productive,adj.
oppose,v.
philosopher,n.
profession,n.
option,n.
philosophical,adj.
professional,adj./n.
orbit,n./v.
philosophy,n.
profitable,adj.
orchestra,n.
photography,n.
prominent,adj.
orientation,n.
physical,adj.
promising,adj.
orphan,n./v.
physician,n.
promotion,n.
otherwise,adv.
physicist,n.
prompt,v./adj./n.
outcome,n.
physics,n.
pronunciation,n.
outstanding,adj.
pickle,n.
proposal,n.
oval,adj./n.
pioneer,n./v.
prosper,v.
overcoat,n.
plentiful,adj.
prosperity,n.
overcome,v.
plot,n./v.
prosperous,adj.
overlook,v.
plum,n.
protein,n.
overnight,adv./adj.
plumber,n.
protest,n./v.
overthrow,v.
poisonous,adj.
psychological,adj.
oxygen,n.
polish,n./v.
psychologist,n.
pace,n./v.
popularity,n.
psychology,n.
panel,n.
portable,adj.
publication,n.
parachute,n./v.
portray,v.
publicity,n.
paragraph,n.
possess,v.
publish,v.
partial,adj.
possession,n.
publisher,n.
participation,n.
postage,n.
pursue,v.
partnership,n.
potential,adj./n.
pursuit,n.
passive,adj.
precise,adj.
quarrel,n./v.
pasta,n.
predict,v.
quilt,n./v.
paw,n./v.
prediction,n.
quotation,n.
peculiar,adj.
pregnancy,n.
radar,n.
peep,n./v.
pregnant,adj.
rage,n./v.
peer,n./v.
presentation,n.
rainfall,n.
penalty,n.
preservation,n.
raisin,n.
percent,n.
preserve,v.
realistic,adj.
rebel,n./v.
resignation,n.
sew,v.
recall,v./n.
resistance,n.
shade,n./v.
reception,n.
resolution,n.
shady,adj.
recipe,n.
resolve,v./n.
shameful,adj.
recognition,n.
respectable,adj.
shave,v./n.
recovery,n.
respectful,adj.
shelter,n./v.
recreation,n.
restore,v.
shift,n./v.
recycle,v.
restriction,n.
sightseeing,n.
reduction,n.
retain,v.
signature,n./adj.
refer,v.
retire(ment),v./(n.)
significance,n.
reference,n.
retreat,n./v.
sincerity,n.
reflect,v.
reunion,n.
singular,adj./n.
reflection,n.
revenge,n./v.
site,n./v.
reform,n./v.
revise,v.
sketch,n./v.
refugee,n.
revision,n.
skyscraper,n.
refund,n./v.
revolution,n.
slight,adj./n./v.
refusal,n.
revolutionary,adj./n.
slogan,n.
regarding,prep.
reward,n./v.
socket,n.
register,v./n.
rhyme,n./v.
software,n.
registration,n.
rhythm,n.
solar,adj.
regulate,v.
riddle,n.
spade,n.
regulation,n.
robber,n.
spare,adj./v./n.
rejection,n.
romance,n.
spark,n./v.
relaxation,n.
route,n./v.
spear,n./v.
relevant,adj.
ruin,v./n.
species,n.
relieve,v.
rural,adj.
spiritual,adj.
reluctant,adj.
rusty,adj.
splendid,adj.
remark,n./v.
sacrifice,n./v.
split,v./n.
remarkable,adj.
satellite,n.
sprinkle,v./n.
remedy,n./v.
satisfaction,n.
stab,n./v.
renew,v.
scarcely,adv.
statistic(s),n.
repetition,n.
scenery,n.
status,n.
representation,n.
scold,v./n.
stem,n./v.
reputation,n.
scoop,n./v.
stereo,n.
rescue,n./v.
scratch,n./v.
stingy,adj.
research,n./v.
sculpture,n./v.
stocking(s),n.
researcher,n.
secure,v./adj.
strengthen,v.
resemble,v.
seize,v.
stripe,n.
reservation,n.
settler,n.
strive,v.
resign,v.
severe,adj.
stroke,n./v.
submarine,n./adj.
translation,n.
youthful,adj.
sue,v.
translator,n.
suggestion,n.
transportation,n.
abnormal,adj.
summarize,v.
tremble,v./n.
abolish,v.
surgeon,n.
tremendous,adj.
abortion,n.
surgery,n.
tribal,adj.
abrupt,adj.
surrender,v./n.
triumph,n./v.
absurd,adj.
surroundings,n.
troublesome,adj.
abundant,adj.
suspicious,adj.
tumble,v./n.
abuse,n./v.
sway,n./v.
twig,n.
accelerate,v.
syllable,n.
universal,adj./n.
accessible,adj.
sympathetic,adj.
urge,n./v.
accommodate,v.
sympathy,n.
urgent,adj.
accommodation,n.
systematic,adj.
usage,n.
accord,n./v.
technician,n.
vacancy,n.
accounting,n.
technological,adj.
vain,adj.
telegraph,n./v.
vast,adj.
telescope,n.
vegetarian,n.
acquaint,v.
tendency,n.
vessel,n.
acquisition,n.
tense,adj./v.
violate,v.
activist,n.
tension,n.
violation,n.
acute,adj.
terror,n.
virtue,n.
administration,n.
theme,n.
virus,n.
administrative,adj.
thorough,adj.
visual,adj.
administrator,n.
thoughtful,adj.
vital,adj.
adolescent,adj./n.
tickle,v./n.
voluntary,adj.
adore,v.
timetable,n.
volunteer,n./v.
adverse,adj.
timid,adj.
voyage,n./v.
advocate,n./v.
tolerable,adj.
waken,v.
affection,n.
tolerance,n.
website,n.
agenda,n.
tolerant,adj.
welfare,n.
aggression,n.
tolerate,v.
wink,n./v.
agony,n.
tomb,n.
wit,n.
agricultural,adj.
tortoise,n.
witch/wizard,n.
aisle,n.
torture,n./v.
withdraw,v.
alcoholic,adj./n.
tragedy,n.
witness,n./v.
alien,adj./n.
tragic,adj.
workout,n.
allergic,adj.
transfer,n./v.
workplace,n.
allergy,n.
transform,v.
wreck,n./v.
alliance,n.
translate,v.
yawn,n./v.
allocate,v.
ally,n./v.
barren,adj.
carbon,n.
alongside,prep./adv.
batch,n.
carnival,n.
alter,v.
behalf,n.
casino,n.
alternate,adj./v./n.
belongings,n.
cathedral,n.
amend,v.
beloved,adj./n.
caution,n./v.
ample,adj.
beneficial,adj.
cautious,adj.
analyst,n.
betray,v.
celebrity,n.
anonymous,adj.
beware,v.
cemetery,n.
anticipate,v.
bias,n./v.
ceremony,n.
antique,adj./n.
bid,n./v.
certainty,n.
applause,n.
biological,adj.
certificate,n./v.
appliance,n.
bizarre,adj.
chaos,n.
apt,adj.
blast,n./v.
chapel,n.
architect,n.
blur,n./v.
characterize,v.
architecture,n.
blush,n./v.
chef,n.
arena,n.
bodyguard,n.
choir,n.
arouse,v.
bolt,n./v.
chord,n.
array,n.
bonus,n.
chore,n.
arrogant,adj.
boom,n./v.
chronic,adj.
articulate,v./adj.
boost,v./n.
chubby,adj.
ass,n.
booth,n.
chunk,n.
assault,n./v.
boredom,n.
circuit,n.
assert,v.
bound,v./n.
cite,v.
assess(ment),v./(n.)
boundary,n.
citizenship,n.
asset,n.
boxer,n.
civic,adj.
assumption,n.
breakthrough,n.
clarity,n.
astonish(ment),v./(n.)
briefcase,n.
clause,n.
athletics,n.
bronze,n./adj.
cling,v.
attendance,n.
browse,v./n.
clinical,adj.
attic,n.
bruise,n./v.
cluster,n./v.
attorney,n.
bulk,n.
cocaine,n.
attribute,v.
bully,n./v.
coffin,n.
auction,n./v.
bureau,n.
cognitive,adj.
authorize,v.
bureaucracy,n.
coherent,adj.
autonomy,n.
burial,n.
coincidence,n.
awe,n./v.
butcher,n./v.
collaboration,n.
backyard,n.
calcium,n.
collective,adj./n.
ballot,n./v.
canal,n.
collector,n.
ban,n./v.
canvas,n./v.
colonial,adj./n.
banner,n.
capability,n.
columnist,n.
combat,n./v.
confidential,adj.
counselor,n.
comedian,n.
confine,v.
courteous,adj.
commentary,n.
conform,v.
coverage,n.
commentator,n.
confront,v.
credibility,n.
commission,n./v.
confrontation,n.
creek,n.
commitment,n.
consecutive,adj.
cripple,v./n.
commodity,n.
consensus,n.
criterion/criteria,n.
communism,n.
consent,n./v.
crucial,adj.
communist,adj./n.
conservation,n.
crude,adj.
commute,v.
considerate,adj.
cruise,n./v.
commuter,n.
constitutional,adj./n.
crystal,n./adj.
compact,adj./n./v.
constraint,n.
cuisine,n.
comparable,adj.
consultation,n.
currency,n.
compassion,n.
consumption,n.
curriculum,n.
compassionate,adj.
contagious,adj.
custody,n.
compatible,adj.
contaminate,v.
customs,n.
compel,v.
contemplate,v.
deadly,adj./adv.
compensate,v.
contemporary,adj./n.
debris,n.
compensation,n.
contempt,n.
debut,n.
competence,n.
contend,v.
decay,n./v.
competent,adj.
continental,adj.
deceive,v.
complexity,n.
contractor,n.
decent,adj.
compliance,n.
contradiction,n.
declaration,n.
complication,n.
controversial,adj.
decline,n./v.
compliment,n./v.
controversy,n.
dedicate,v.
comply,v.
conversion,n.
defendant,n.
component,n./adj.
convert,v.
deficit,n.
compound,n./v./adj.
convict,v./n.
defy,v.
comprehend,v.
conviction,n.
delegate,n./v.
comprehension,n.
coordinate,v./n./adj.
delegation,n.
comprise,v.
copyright,n./v.
deliberate,adj./v.
compromise,n./v.
core,n.
democrat,n.
compulsory,adj.
corporate,adj.
denial,n.
conceal,v.
corporation,n.
density,n.
concede,v.
correlation,n.
depict,v.
conceive,v.
correspondent,n.
deploy,v.
conception,n.
corridor,n.
depress,v.
condemn,v.
corrupt,adj./v.
deputy,n.
conduct,v./n.
corruption,n.
derive,v.
confession,n.
counsel,n./v.
descend,v.
descriptive,adj.
drought,n.
exclusive,adj.
despair,n./v.
ecological,adj.
execute,v.
destination,n.
ecology,n.
execution,n.
destiny,n.
ecosystem,n.
executive,n./adj.
destructive,adj.
ego,n.
exile,n./v.
devotion,n.
elaborate,adj./v.
exotic,adj./n.
diagnose,v.
eligible,adj.
expedition,n.
diagnosis,n.
eloquent,adj.
expertise,n.
dialect,n.
embrace,v./n.
explicit,adj.
diameter,n.
emission,n.
exploit,v./n.
diaper,n.
endorse(ment),v./(n.)
exploration,n.
digestion,n.
enterprise,n.
extension,n.
dilemma,n.
enthusiastic,adj.
extensive,adj.
dimension,n.
entitle,v.
exterior,n./adj.
diminish,v.
entity,n.
external,adj./n.
diplomatic,adj.
entrepreneur,n.
extinct,adj.
directory,n.
envious,adj.
extraordinary,adj.
disapprove,v.
envision,v.
fabric,n.
disclose,v.
epidemic,n./adj.
fabulous,adj.
disconnect,v.
episode,n.
facilitate,v.
discourse,n.
equation,n.
faculty,n.
discriminate,v.
equity,n.
fascinate,v.
discrimination,n.
equivalent,n./adj.
fatigue,n./v.
disrupt,v.
erect,v./adj.
federal,adj.
dissolve,v.
errand,n.
fiber,n.
distinction,n.
erupt,v.
filter,n./v.
distinctive,adj.
escalator,n.
fiscal,adj.
distract,v.
essence,n.
fleet,n.
doctrine,n.
estate,n.
flexibility,n.
document,n./v.
eternal,adj.
flip,v./n.
documentary,n./adj.
ethic(s),n.
fluency,n.
domain,n.
ethical,adj.
fluid,n./adj.
dome,n./v.
evolution,n.
forge,v.
donate,v.
evolve,v.
format,n./v.
donation,n.
exaggeration,n.
forum,n.
donor,n.
exceed,v.
foster,adj./v.
doorway,n.
exceptional,adj.
foul,adj./n./v./adv.
dough,n.
excessive,adj.
fraction,n.
dreadful,adj.
exclaim,v.
fragment,n./v.
driveway,n.
exclude,v.
framework,n.
franchise,n.
hostility,n.
integrate,v.
fraud,n.
housing,n.
integration,n.
freight,n./v.
howl,n./v.
integrity,n.
frontier,n.
hypothesis,n.
intensify,v.
galaxy,n.
icon,n.
intent,n./adj.
gasp,n./v.
ideology,n.
interference,n.
gathering,n.
idiot,n.
interior,adj./n.
generate,v.
illusion,n.
interpretation,n.
generator,n.
immense,adj.
interval,n.
genetic,adj.
immune,adj.
intervention,n.
genetics,n.
implement,v./n.
investigator,n.
genre,n.
implication,n.
irony,n.
glare,n./v.
impulse,n.
journalism,n.
gloomy,adj.
incentive,n./adj.
journalist,n.
gorgeous,adj.
incorporate,v.
judicial,adj.
grant,n./v.
index,n./v.
jug,n./v.
graphic,adj./n.
indifferent,adj.
jury,n.
gravity,n.
indigenous,adj.
justify,v.
greed,n.
indispensable,adj.
juvenile,adj./n.
grieve,v.
indulge,v.
kidnap,v.
grill,n./v.
inevitable,adj.
landlord,n.
grim,adj.
infect,v.
laser,n.
grip,n./v.
infinite,adj.
lawmaker,n.
gross,adj./v./n.
infrastructure,n.
lawsuit,n.
guideline,n.
inherent,adj.
layer,n./v.
gut,n./v.
inherit,v.
league,n./v.
habitat,n.
initiate,v./adj./n.
legacy,n.
haul,v./n.
initiative,n./adj.
legendary,adj.
hazard,n./v.
inject,v.
legislation,n.
heir,n.
injection,n.
legislative,adj.
hence,adv.
inning,n.
legitimate,adj./v.
herb,n.
innovation,n.
lest,conj.
heritage,n.
innovative,adj.
liability,n.
highlight,v./n.
inquiry,n.
likelihood,n.
hockey,n.
insane,adj.
likewise,adv.
honorable,adj.
insight,n.
loop,n.
horizontal,adj./n.
installation,n.
lounge,n./v.
hormone,n.
institute,n./v.
lump,n./v.
hostage,n.
institution,n.
mainstream,n.
hostile,adj.
intact,adj.
maintenance,n.
mammal,n.
mustard,n.
overtake,v.
mandate,n.
myth,n.
overturn,v./n.
manifest,v./adj.
naive,adj.
overwhelm,v.
manipulate,v.
narrative,n./adj.
parallel,adj./n./v.
mansion,n.
nasty,adj.
participant,n.
marine,adj./n.
negotiation,n.
particle,n.
masculine,adj./n.
neutral,adj./n.
partly,adv.
massage,n./v.
nominate,v.
passionate,adj.
massive,adj.
nomination,n.
pastry,n.
masterpiece,n.
nominee,n.
patch,n./v.
mattress,n.
nonprofit,adj.
patent,n./adj./v.
meantime,n./adv.
norm,n.
pathetic,adj.
mechanism,n.
noticeable,adj.
patrol,n./v.
medication,n.
notify,v.
patron,n.
mentor,n.
notion,n.
peasant,n.
merge,v.
nowhere,adv./pron.
pedal,n./v.
metaphor,n.
nutrient,n./adj.
pedestrian,n./adj.
metropolitan,adj./n.
nutrition,n.
penetrate,v.
midst,n./prep.
obligation,n.
pension,n./v.
migration,n.
obscure,adj./v.
perceive,v.
milestone,n.
observer,n.
perception,n.
miniature,adj./n.
odds,n.
performer,n.
minimal,adj.
offering,n.
persist,v.
minimize,v.
olive,adj./n.
personnel,n.
mint,n.
operational,adj.
perspective,n./adj.
missionary,n./adj.
opponent,n.
pessimism,n.
moan,n./v.
opposition,n.
petition,n.
mock,adj./v./n.
opt,v.
petty,adj.
mode,n.
optimism,n.
phase,n./v.
modify,v.
optional,adj.
photographic,adj.
molecule,n.
orchard,n.
pickup,n.
monopoly,n.
organism,n.
pier,n.
morality,n.
originality,n.
pillar,n.
mortality,n.
outfit,n./v.
pipeline,n.
mortgage,n.
outlet,n.
pirate,n./v.
motive,n.
output,n./v.
pitcher,n.
mount,n./v.
outsider,n.
placement,n.
mumble,v./n.
overall,adj./adv./n.
plea,n.
municipal,adj.
overhead,adv./adj./n.
plead,v.
muscular,adj.
oversee,v.
pledge,n./v.
plunge,n./v.
provision,n.
removal,n.
plural,adj./n.
provoke,v.
render,v.
poetic,adj.
pulse,n./v.
rental,n.
poke,v./n.
purchase,n./v.
repay,v.
porch,n.
pyramid,n.
republican,n./adj.
portfolio,n.
qualify,v.
resemblance,n.
practitioner,n.
quest,n.
reservoir,n.
precaution,n.
questionnaire,n.
residence,n.
predator,n.
quiver,n./v.
resident,n./adj.
preference,n.
quota,n.
residential,adj.
prejudice,n./v.
racism,n.
resort,n./v.
preliminary,adj./n.
rack,n./v.
respondent,n.
premature,adj.
radiation,n.
resume,v./n.
premier,adj./n.
radical,adj./n.
retail,n./adj./adv./v.
premise,n.
ragged,adj.
revenue,n.
premium,n.
raid,n./v.
reverse,v./adj./n.
prescribe,v.
rail,n.
rhetoric,n.
prescription,n.
rally,n./v.
rib,n./v.
presidency,n.
ranch,n./v.
ridge,n./v.
presidential,adj.
random,adj.
ridiculous,adj.
presumably,adv.
ratio,n.
rifle,n./v.
presume,v.
rational,adj.
rigid,adj.
prevail,v.
rattle,v./n.
rim,n./v.
prey,n./v.
realism,n.
riot,n./v.
prior,adj./adv./n.
realm,n.
rip,v./n.
proclaim,v.
rear,adj./n.
risky,adj.
productivity,n.
reassure,v.
ritual,n./adj.
profile,n./v.
rebellion,n.
rival,adj./n./v.
profound,adj.
recession,n.
rod,n.
progressive,adj./n.
recipient,n./adj.
sacred,adj.
prohibit,v.
recite,v.
saddle,n./v.
projection,n.
recommend,v.
saint,n./v.
prolong,v.
recommendation,n.
salmon,n./adj.
prone,adj.
recruit,v./n.
salon,n.
propaganda,n.
refuge,n.
sandal,n.
prophet,n.
regardless,adj./adv.
scan,n./v.
proportion,n./v.
regime,n.
scandal,n.
prosecution,n.
rehearsal,n.
scar,n./v.
prospect,n./v.
reinforce,v.
scenario,n.
province,n.
reminder,n.
scent,n./v.
scheme,n./v.
snatch,v./n.
stall,n./v.
scope,n.
sneak,v./n.
stance,n.
scramble,v./n.
sniff,v./n.
startle,v.
scrap,n./v.
soak,v./n.
statistical,adj.
script,n./v.
soar,v.
steer,v./n.
sector,n.
sob,n./v.
stereotype,n./v.
segment,n./v.
sober,adj./v.
stew,n./v.
seminar,n.
soften,v.
stimulate,v.
senator,n.
sole,adj./n./v.
stimulus,n.
sensation,n.
solo,n./adv./adj.
stink,n./v.
sensitivity,n.
sophisticated,adj.
stock,n.
sensor,n.
sophomore,n.
storage,n.
sentiment,n.
souvenir,n.
straighten,v.
sentimental,adj.
sovereignty,n.
straightforward,adj.
sequence,n./v.
sow,v.
strain,n./v.
series,n.
spacious,adj.
strand,v./n.
server,n.
sparkle,v./n.
strap,n./v.
session,n.
specialist,n.
strategic,adj.
setting,n.
specialize,v.
striking,adj.
shareholder,n.
specialty,n.
structural,adj.
shatter,v.
specify,v.
stumble,v./n.
shed,v./n.
specimen,n.
sturdy,adj.
sheer,adj./adv.
spectacular,adj./n.
submit,v.
sheriff,n.
spectator,n.
subsequent,adj.
shield,n./v.
spectrum,n.
subsidy,n.
shiver,n./v.
speculate,v.
substantial,adj.
shortage,n.
sphere,n.
substitute,n./v.
shove,v./n.
spicy,adj.
subtle,adj.
shrug,n./v.
spine,n.
suburban,adj.
shuttle,n./v.
sponge,n./v.
successor,n.
sibling,n.
sponsor,n./v.
suite,n.
siege,n.
sponsorship,n.
superb,adj.
skeleton,n.
spouse,n.
superstition,n.
skull,n.
squad,n.
supervise,v.
slam,n./v.
squash,n./v.
supervision,n.
slap,n./v./adv.
squat,adj./n./v.
supervisor,n.
slavery,n.
stability,n.
supposedly,adv.
slot,n./v.
stack,n./v.
supreme,adj.
smash,v./n.
stain,n./v.
surplus,n./adj.
smog,n.
stake,n./v.
surveillance,n.
suspend,v.
transaction,n.
vendor,n.
sustain,v.
transformation,n.
venture,n./v.
sustainable,adj.
transit,n./v.
venue,n.
swap,v./n.
transition,n.
verbal,adj./n.
symbolic,adj.
transmission,n.
verdict,n.
symptom,n.
transparent,adj.
version,n.
syndrome,n.
trauma,n.
versus,prep.
tackle,v.
treaty,n.
vertical,adj./n.
tactic(s),n.
tribute,n.
veteran,n.
tangle,n./v.
trigger,n./v.
via,prep.
tempt,v.
trim,v./n./adj.
viable,adj.
temptation,n.
triple,adj./v./n.
vicious,adj.
terminal,n./adj.
trivial,adj.
viewer,n.
terrify,v.
trophy,n.
viewpoint,n.
testify,v.
tuition,n.
vinegar,n.
texture,n./v.
tumor,n.
virtual,adj.
theft,n.
tuna,n.
visa,n.
theology,n.
ultimate,adj./n.
vocal,adj./n.
theoretical,adj.
uncover,v.
volcano,n.
therapist,n.
undergo,v.
vomit,n./v.
therapy,n.
undergraduate,n.
voucher,n.
thereby,adv.
underline,v./n.
vow,n./v.
thesis,n.
undermine,v.
vulnerable,adj.
thigh,n.
undertake,v.
warehouse,n./v.
threshold,n.
undo,v.
warrior,n.
thrill,n./v.
undoubtedly,adv.
wary,adj.
thriller,n.
unemployment,n.
weird,adj.
thrive,v.
unfold,v.
whatsoever,adj./pron.
throne,n.
unlock,v.
wheelchair,n.
thrust,v./n.
unprecedented,adj.
whereabouts,n./adv.
tick,n./v.
update,n./v.
whereas,conj.
tile,n./v.
upgrade,v./n.
whine,n./v.
tin,n./v.
utility,n.
widespread,adj.
toll,n./v.
utilize,v.
wig,n.
torch,n./v.
vacuum,n./v.
wilderness,n.
torment,n./v.
vague,adj.
wildlife,n.
tournament,n.
valid,adj.
windshield,n.
toxic,adj.
variable,n./adj.
wither,v.
trait,n.
variation,n.
witty,adj.
traitor,n.
vein,n.
workshop,n.
worship,n./v.
allege,v.
backbone,n.
worthwhile,adj.
alligator,n.
badge,n.
worthy,adj.
altitude,n.
banquet,n./v.
yacht,n./v.
aluminum,n.
barbarian,adj./n.
yield,v./n.
ambiguity,n.
bass,n./adj.
amid/amidst,prep.
batter,n./v.
amplify,v.
beautify,v.
abbreviate,v.
analogy,n.
beep,n./v.
abide,v.
analytical,adj.
beforehand,adv.
aboriginal,adj./n.
anchor,n./v.
beverage,n.
abound,v.
animate,v./adj.
bilateral,adj.
abstraction,n.
annoyance,n.
blaze,n./v.
abundance,n.
anthem,n.
bleach,n./v.
academy,n.
antibiotic,n./adj.
blond/blonde,n./adj.
accessory,n./adj.
anticipation,n.
blot,v./n.
acclaim,n./v.
antonym,n.
blunt,adj./v.
accordance,n.
applaud,v.
bodily,adj./adv.
accordingly,adv.
applicable,adj.
booklet,n.
accountable,adj.
apprentice,n.
bosom,n.
accumulate,v.
approximate,adj./v.
boulevard,n.
accumulation,n.
archaeology,n.
boxing,n.
accusation,n.
archive,n.
boycott,n./v.
accustom,v.
arithmetic,n./adj.
brace,n./v.
acne,n.
ascend,v.
brassiere/bra,n.
acre,n.
aspire,v.
breadth,n.
adaptation,n.
assassinate,v.
breakdown,n.
addiction,n.
asthma,n.
breakup,n.
astray,adv./adj.
bribe,n./v.
admiral,n.
astronaut,n.
brink,n.
adolescence,n.
astronomer,n.
broaden,v.
advisory,adj.
astronomy,n.
brochure,n.
aesthetic,adj.
attain(ment),v./(n.)
broil,v.
affectionate,adj.
attendant,n.
brook,n.
affiliate,n.
audit,n.
broth,n.
affirm,v.
auditorium,n.
brotherhood,n.
airtight,adj.
avert,v.
bulky,adj.
airway,n.
aviation,n.
bureaucrat,n.
algebra,n.
awesome,adj.
bypass,n./v.
alienate,v.
awhile,adv.
caffeine,n.
align,v.
bachelor,n.
calculator,n.
calligraphy,n.
clasp,v./n.
convene,v.
cape,n.
clearance,n.
coral,n./adj.
capsule,n.
climax,n./v.
corpse,n.
caption,n./v.
clockwise,adv./adj.
correspondence,n.
captive,adj./n.
clone,n./v.
cosmetic,adj.
captivity,n.
closure,n.
cosmetics,n.
cardboard,n.
coalition,n.
counterpart,n.
cardinal,n./adj.
coastline,n.
coupon,n.
carefree,adj.
collision,n.
courtyard,n.
caretaker,n.
colloquial,adj.
cowardly,adj.
carton,n.
comet,n.
cozy,adj.
cashier,n.
commonplace,adj./n.
crackdown,n.
casualty,n.
commonwealth,n.
cracker,n.
catastrophe,n.
communicative,adj.
cram,v.
cater,v.
comparative,adj.
cramp,n./v.
caterpillar,n.
compass,n./v.
crater,n./v.
cavity,n.
compile,v.
credible,adj.
celery,n.
complement,v./n.
crocodile,n.
cellular,adj.
complexion,n.
crossing,n.
Celsius,n.
comprehensive,adj.
crutch,n.
cement,n./v.
compute,v.
cub,n.
census,n.
computerize,v.
cucumber,n.
ceramic,adj./n.
comrade,n.
cultivate,v.
certify,v.
concession,n.
cumulative,adj.
curb,n./v.
curfew,n.
chairwoman,n.
confederation,n.
curry,n.
champagne,n.
chant,n./v.
congresswoman,n.
cynical,adj.
charitable,adj.
conquest,n.
dazzle,v./n.
checkup,n.
conscientious,adj.
deafen,v.
chemist,n.
conserve,v./n.
decisive,adj.
chestnut,n./adj.
consolation,n.
dedication,n.
chili,n.
console,n./v.
deduct,v.
chimpanzee,n.
consonant,n.
deem,v.
chirp,n./v.
conspiracy,n.
default,n./v.
cholesterol,n.
contention,n.
defect,n./v.
cigar,n.
contestant,n.
defiance,n.
civilize,v.
continuity,n.
definitive,adj.
clam,n.
contradict,v.
dental,adj.
deplete,v.
disturbance,n.
equate,v.
deprive,v.
diversify,v.
escort,n./v.
descent,n.
diversion,n.
esteem,n./v.
despise,v.
divert,v.
eternity,n.
destined,adj.
dividend,n.
evacuate,v.
detach,v.
doom,n./v.
evergreen,adj./n.
detain,v.
dormitory/dorm,n.
evoke,v.
detention,n.
downward,adj.
examinee,n.
deter,v.
detergent,n.
excel,v.
devour,v.
doze,v./n.
excerpt,n./v.
diabetes,n.
drastic,adj.
excess,adj./n.
dictate,v.
draught,n.
exclusion,n.
dictation,n.
dresser,n.
exempt,adj.
dictator,n.
dressing,n.
exert,v.
dictatorship,n.
dual,adj.
expenditure,n.
diesel,n.
dubious,adj.
expiration,n.
differentiate,v.
duration,n.
expire,v.
diplomacy,n.
dusk,n.
extract,n./v.
directive,n.
dwarf,n./v.
extracurricular,adj.
disable,v.
dwell,v.
eyelash/lash,n.
disastrous,adj.
dwelling,n.
eyelid,n.
disbelief,n.
eccentric,adj./n.
eyesight,n.
discard,v./n.
eclipse,n./v.
fable,n.
discharge,n./v.
edible,adj.
faction,n.
disciple,n.
editorial,adj./n.
Fahrenheit,n.
disciplinary,adj.
electrician,n.
falter,v.
disclosure,n.
elevate,v.
familiarity,n.
discomfort,n./v.
emigrant,n.
fascination,n.
discreet,adj.
emigrate,v.
feasible,adj.
disgrace,n./v.
emigration,n.
feeble,adj.
dismay,n./v.
encyclopedia,n.
feminine,adj./n.
dispensable,adj.
endeavor,n./v.
fertility,n.
dispense,v.
endowment,n.
fertilizer,n.
disposable,adj./n.
endurance,n.
/fiance,n.
disposal,n.
enhance(ment),v./(n.)
fin,n.
dispose,v.
enlighten(ment),v./(n.)
finite,adj.
dissent,n.
enrich(ment),v./(n.)
firecracker,n.
distraction,n.
enroll(ment),v./(n.)
fireproof,adj.
distress,n./v.
equalize,v.
fishery,n.
flake,n./v.
gospel,n.
hygiene,n.
flaw,n./v.
grapefruit,n.
hypocrite,n.
flourish,v./n.
graze,v.
iceberg,n.
flunk,v./n.
grease,n./v.
illuminate,v.
foe,n.
groan,n./v.
imminent,adj.
folklore,n.
growl,n./v.
imperative,adj./n.
formidable,adj.
grumble,v./n.
imperial,adj.
formulate,v.
hacker,n.
implicit,adj.
forsake,v.
hail,n./v.
imposing,adj.
forthcoming,adj.
hamper,v.
imprison(ment),v./(n.)
fortify,v.
handicap,n./v.
incline,v./n.
fowl,n.
handicraft,n.
inclusive,adj.
fracture,n./v.
harass(ment),v./(n.)
incur,v.
fragrance,n.
harden,v.
indifference,n.
fragrant,adj.
harmonica,n.
indignant,adj.
frantic,adj.
harness,n./v.
induce,v.
freak,n./v.
haunt,v./n.
industrialize,v.
freeway,n.
headphone(s),n.
infectious,adj.
friction,n.
healthful,adj.
infer,v.
fume,v./n.
hearty,adj.
inflict,v.
fury,n.
hedge,n./v.
inhabit,v.
fuse,n./v.
heighten,v.
inhabitant,n.
fuss,n./v.
hemisphere,n.
injustice,n.
gallop,n./v.
heroic,adj./n.
inland,adj./adv./n.
gangster,n.
heroin,n.
innumerable,adj.
garment,n.
heterosexual,adj./n.
inquire,v.
gauge,n./v.
hierarchy,n.
insistence,n.
gay,adj./n.
hijack,v./n.
instinctive,adj.
geographical,adj.
hoarse,adj.
intake,n.
geometry,n.
homosexual,adj./n.
intellect,n.
glacier,n.
honorary,adj.
interpreter,n.
glamorous,adj.
hospitable,adj.
intersection,n.
glamour,n.
hospitality,n.
intervene,v.
gleam,n./v.
hospitalize,v.
intimacy,n.
glide,v./n.
hostel,n.
intimidate,v.
glitter,n./v.
hover,v./n.
intonation,n.
gloom,n./v.
humiliate,v.
intrigue,n./v.
goalkeeper,n.
hunch,n./v.
intrude,v.
goodwill,n.
hurdle,n./v.
intruder,n.
gorilla,n.
hybrid,adj./n.
invaluable,adj.
invariably,adv.
linger,v.
meditation,n.
inventory,n./v.
lining,n.
melancholy,n./adj.
ironic,adj.
liter,n.
mentality,n.
irritable,adj.
literacy,n.
merchandise,n./v.
irritate,v.
literal,adj.
mermaid,n.
isle,n.
literate,adj./n.
migrant,n./adj.
itch,n./v.
livestock,n.
mimic,v./n.
ivy,n.
lizard,n.
mingle,v.
jade,n.
locker,n.
miraculous,adj.
janitor,n.
lodge,n./v.
miscellaneous,adj.
jasmine,n.
lofty,adj.
mischievous,adj.
jingle,n./v.
logo,n.
mistress,n.
jockey,n./v.
lonesome,adj.
mobilize,v.
jolly,adj./adv./v./n.
longevity,n.
modernization,n.
joyous,adj.
longitude,n.
modernize,v.
junction,n.
lotion,n.
momentum,n.
kin,n./adj.
lottery,n.
monarch,n.
kindle,v.
lotus,n.
monetary,adj.
knowledgeable,adj.
loudspeaker,n.
monotony,n.
lad,n.
lucrative,adj.
monstrous,adj.
landlady,n.
lullaby,n.
moody,adj.
landslide,n.
lunar,adj.
morale,n.
latitude,n.
lure,n./v.
mortal,adj./n.
lavish,adj.
lush,adj.
motherhood,n.
layman,n.
am,n.
motto,n.
layout,n.
magnify,v.
mound,n./v.
lease,n.
maiden,adj./n.
mourn,v.
legislator,n.
mainland,n.
mournful,adj.
lengthy,adj.
majestic,adj.
mow,v.
lesbian,adj.
majesty,n.
muse,n.
lessen,v.
manuscript,n.
mustache,n.
lethal,adj.
maple,n.
mute,adj./v./n.
liable,adj.
mar,v.
nag,v./n.
liberate,v.
marginal,adj.
narrate,v.
liberation,n.
martial,adj.
narrator,n.
lieutenant,n.
marvel,n./v.
nationalism,n.
lifelong,adj.
mastery,n.
navigate,v.
lighten,v.
mediate,v.
navigation,n.
limp,n./v.
medieval,adj.
nearsighted,adj.
liner,n.
meditate,v.
nickel,n./v.
nostril,n.
outright,adj./adv.
pimple,n.
notable,adj./n.
outset,n.
pinch,n./v.
notorious,adj.
outskirts,n.
plague,n.
nourish(ment),v./(n.)
outward,adj.
plantation,n.
novice,n.
outward/outwards,adv.
playwright,n.
nucleus,n.
overdo,v.
plow,n./v.
nude,adj./n.
overflow,n./v.
pneumonia,n.
nurture,v./n.
overhear,v.
polar,adj.
oasis,n.
overlap,n./v.
ponder,v.
oath,n.
overwork,n./v.
pony,n.
oatmeal,n.
oyster,n.
populate,v.
oblige,v.
ozone,n.
porter,n.
obsess,v.
packet,n.
posture,n./v.
obstinate,adj.
paddle,n./v.
potent,adj.
occurrence,n.
paperback,n.
poultry,n.
octopus,n.
paradox,n.
preach,v.
odor,n.
paralyze,v.
precede,v.
offshore,adj.
parliament,n.
precedent,n.
offspring,n.
pastime,n.
precision,n.
operative,adj.
patriot,n.
predecessor,n.
oppress,v.
patriotic,adj.
prehistoric,adj.
oppression,n.
peacock,n.
premiere,n.
ordeal,n.
pebble,n.
preside,v.
orderly,adj./n.
peek,n./v.
prestige,n.
organizer,n.
pending,adj.
preventive,adj./n.
orient,n./v.
peninsula,n.
preview,n./v.
oriental,adj./n.
perch,n./v.
priceless,adj.
originate,v.
peril,n./v.
privatize,v.
ornament,n./v.
perish,v.
probe,n.
orphanage,n.
permissible,adj.
procession,n.
orthodox,adj.
persevere,v.
proficiency,n.
ounce,n.
persistence,n.
prohibition,n.
outbreak,n.
persistent,adj.
propel,v.
outgoing,adj.
petrol,n.
prose,n.
outing,n.
petroleum,n.
prosecute,v.
outlaw,n./v.
pharmacist,n.
prospective,adj.
outlook,n.
pharmacy,n.
prototype,n.
outnumber,v.
pianist,n.
proverb,n.
outrage,n./v.
pickpocket,n.
provincial,adj./n.
outrageous,adj.
pilgrim,n.
provisional,adj.
psychiatry,n.
reliant,adj.
scroll,n./v.
psychic,adj.
relic,n.
scrutiny,n.
psychotherapy,n.
remainder,n.
sculptor,n.
publicize,v.
reminiscent,adj.
seagull/gull,n.
puff,n./v.
renowned,adj.
seduce,v.
punctual,adj.
reproduce,v.
selective,adj.
purify,v.
reptile,n./adj.
serene,adj.
purity,n.
resent(ment),v./(n.)
sergeant,n.
quake,v./n.
reside,v.
serial,adj.
qualification,n.
resistant,adj.
sermon,n.
radiant,adj./n.
respective,adj.
serving,n.
radiate,v./adj.
restoration,n.
setback,n.
radioactive,adj.
restrain,v.
shabby,adj.
radish,n.
restraint,n.
sharpen,v.
radius,n.
retort,n./v.
shaver,n.
rap,n.
retrieve,v.
shortcoming,n.
rash,n./adj.
revelation,n.
shortsighted,adj.
ratify,v.
revival,n.
shred,n./v.
realization,n.
revive,v.
shriek,n./v.
reap,v.
revolt,n./v.
shrub,n.
reckless,adj.
revolve,v.
shuffle,v.
reckon,v.
rigorous,adj.
shutter,n./v.
reconcile,v.
ripple,n./v.
simplicity,n.
recreational,adj.
rivalry,n.
simplify,v.
redundancy,n.
roam,v./n.
simultaneous,adj.
reef,n.
robust,adj.
skeptical,adj.
referee,n./v.
rotate,v.
skim,v./n.
referendum,n.
rotation,n.
slang,n./v.
refine(ment),v./(n.)
royalty,n.
slash,v./n.
reflective,adj.
rubbish,n.
slaughter,n./v.
refresh(ment),v./(n.)
rugged,adj.
slay,v.
refreshment(s),n.
ruthless,adj.
sloppy,adj.
refute,v.
salute,n./v.
slum,n./v.
rehabilitate,v.
salvage,v.
slump,n./v.
rehearse,v.
sanitation,n.
sly,adj.
reign,n./v.
savage,adj./n./v.
smuggle,v.
rejoice,v.
scenic,adj.
sneaker(s),n.
relay,n./v.
scorn,n./v.
sneaky,adj.
relentless,adj.
scrape,v./n.
sneeze,n./v.
reliance,n.
screwdriver,n.
snore,v./n.
sociable,adj.
strangle,v.
telecommunications,n.
socialism,n.
stray,adj./v./n.
teller,n.
socialist,n.
stride,n./v.
tempo,n.
socialize,v.
stroll,n./v.
tenant,n./v.
sociology,n.
stun,v.
tentative,adj.
solemn,adj.
stutter,n./v.
terrace,n./v.
solidarity,n.
stylish,adj.
textile,n./adj.
solitary,adj./n.
subjective,adj./n.
thereafter,adv.
solitude,n.
subordinate,adj./n./v.
thermometer,n.
soothe,v.
subscribe,v.
tilt,n./v.
sorrowful,adj.
subscription,n.
tiptoe,n./v.
sovereign,adj./n.
subsidize,v.
tiresome,adj.
spacecraft/spaceship,n.
succession,n.
token,n.
span,n./v.
successive,adj.
tornado,n.
sparrow,n.
suffocate,v.
torrent,n.
spectacle,n.
suitcase,n.
trademark,n.
spiral,adj./n./v.
summon,v.
transcript,n.
splendor,n.
superficial,adj.
transmit,v.
transplant,n./v.
treasury,n.
spokeswoman,n.
superstitious,adj.
trek,n./v.
spontaneous,adj.
supplement,n./v.
trifle,n./v.
suppress,v./n.
trillion,n.
surge,n./v.
tropic,n./adj.
sportsmanship,n.
surgical,adj.
trout,n.
spotlight,n./v.
surname,n.
trustee,n.
spur,v./n.
surpass,v.
tuck,v./n.
stabilize,v.
suspense,n.
turmoil,n.
stagger,v./n.
suspension,n.
twilight,n.
staple,n./v.
swamp,n./v.
twinkle,n./v.
starvation,n.
swarm,n./v.
unanimous,adj.
statesman,n.
symbolize,v.
unconditional,adj.
stationary,adj.
symmetry,n.
underestimate,v./n.
stationery,n.
sympathize,v.
stature,n.
symphony,n.
statute,n.
synonym,n.
underpass,n.
stepchild,n.
synthetic,adj./n.
underway,adv.
stepfather,n.
syrup,n.
unification,n.
stepmother,n.
tan,n./adj./v.
unify,v.
stimulation,n.
tedious,adj.
unveil,v.
strait,n.
upright,adv./adj./n.
weary,adj./v.
uprising,n.
wharf,n./v.
upward,adj.
whiskey/whisky,n.
upward/upwards,adv.
wholesale,adj./adv./n./v.
urgency,n.
wholesome,adj.
usher,v./n.
widow/widower,n.
utensil,n.
withhold,v.
utter,adj./v.
woe,n.
vaccine,n.
woodpecker,n.
vanilla,n.
workforce,n.
vanity,n.
wrestle,v./n.
vapor,n.
wrinkle,n./v.
veil,n./v.
yearn,v.
velvet,n./adj.
yoga,n.
versatile,adj.
yogurt,n.
veterinarian/vet,n.
zoom,v./n.
veto,n./v.
vibrate,v.
vibration,n.
vice,n.
victor,n.
vigor,n.
vigorous,adj.
villa,n.
villain,n.
vine,n.
vineyard,n.
violinist,n.
virgin,n./adj.
vitality,n.
vocation,n.
vocational,adj.
vowel,n.
wag,v./n.
walnut,n.
ward,n./v.
wardrobe,n.
warrant,n.
warranty,n.
waterproof,adj./v.
a/an,art.
add,v.
ability,n.
able,adj.
about,prep./adv.
above,prep./adv./adj.
abroad,adv.
across,prep./adv.
act,n./v.
action,n.
actor/actress,n.
afraid,adj.
after,prep./conj./adv.
all,adj./adv./pron./n.
afternoon,n.
again,adv.
age,n./v.
allow,v.
ago,adv.
almost,adv.
and,conj.
agree(ment),v./(n.)
along,prep./adv.
angry,adj.
animal,n.
already,adv.
also,adv.
air,n.
although,conj.
airplane/plane,n.
airport,n.
another,adj./pron.
always,adv.
answer,n./v.
ant,n.
any,pron./adj./adv.
anybody/anyone,pron.
anything,pron.
area,n.
anytime,adv.
arm,n./v.
apartment,n.
around,prep./adv.
appear,v.
arrive,v.
apple,n.
art,n.
at,prep.
as,conj./adv./prep.
attack,n./v.
ask,v.
baby,n.
back,adv./n./v./adj.
aunt,n.
bad,adj.
baseball,n.
bag,n.
basket,n.
basketball,n.
bat,n./v.
bath,n.
ball,n./v.
bathroom,n.
awake,adj./v.
awaken,v.
banana,n.
be,v./aux.
band,n.
beach,n./v.
away,adv.
bank,n./v.
bean,n.
bear,v./n.
awkward,adj.
beautiful,adj.
block,n./v.
because,conj.
between,prep./adv.
become,v.
bed,n.
bedroom,n.
bee,n.
beef,n.
bicycle/bike,n.
blow,v.
big,adj.
blue,adj./n.
before,prep./conj./adv.
board,n./v.
begin,v.
boat,n.
body,n.
bird,n.
behind,prep./adv.
bite,n./v.
believe,v.
bell,n.
belong,v.
black,adj./n.
book,n./v.
below,adv./prep.
belt,n./v.
bench,n.
beside,prep.
bored,adj.
best,adj./adv./v./n.
blind,adj./v.
boring,adj.
born,adj.
borrow,v.
boss,n./v.
both,pron./adv./adj.
bottle,n./v.
bridge,n./v.
bottom,n./adj./v.
bright,adj./adv.
bring,v.
bow,n./v.
bowl,n.
box,n./v.
boy,n.
bus,n.
business,n.
brother,n.
busy,adj.
brown,adj./v./n.
but,conj./prep./adv.
butter,n./v.
brave,adj.
butterfly,n.
button,n./v.
bread,n.
buy,v./n.
break,n./v.
by,prep./adv.
breakfast,n./v.
bug,n./v.
build,v.
car,n.
cake,n.
card,n.
care,n./v.
celebrate,v.
call,v./n.
careful,adj.
cellphone,n.
camera,n.
camp,n./v.
can,aux./n./v.
carrot,n.
carry,v.
cent,n.
center,n.
case,n./v.
certain,adj./pron.
cap,n./v.
cat,n.
chair,n./v.
catch,v./n.
chance,n./v.
change,n./v.
chocolate,n.
choice,n./adj.
class,n./v.
choose,v.
cheap,adj./adv.
check,v./n.
clean,adj./v./adv./n.
clear,adj./v./adv.
church,n.
clerk,n.
cheese,n.
circle,n./v.
climb,v./n.
chicken,n.
clock,n.
child,n.
city,n.
close,adj./adv./v./n.
collect,v.
clothes,n.
cloud,n.
color,n./v.
club,n./v.
come,v.
coat,n./v.
comfortable,adj.
coffee,n.
cold,adj./n.
common,adj./n.
computer,n.
concise,adj.
condense,v.
cow,n.
correct,adj./v.
convenient,adj.
cost,n./v.
couch,n./v.
crazy,adj.
cook,v./n.
count,v./n.
cookie,n.
cool,adj./v./n.
country,n.
copy,n./v.
course,n./v.
corner,n.
cousin,n.
cover,v./n.
deal,n./v.
dear,adj./n./adv.
death,n.
cross,n./v.
customary,adj.
cut,v./n.
cute,adj.
decide,v.
cry,v./n.
dance,n./v.
dangerous,adj.
dark,adj./n.
deep,adj./adv.
cup,n.
date,n./v.
daughter,n.
day,n.
dead,adj.
define,v.
desk,n.
dictionary,n.
die,v.
different,adj.
difficult,adj.
dig,v./n.
dinner,n.
dish,n./v.
dirty,adj./v.
do,aux./v.
doctor/doc,n.
dog,n.
doll,n.
dollar,n.
door,n.
drive,v./n.
driver,n.
drop,v./n.
earth,n.
east,n./adj./adv.
down,adv./prep./adj./n./v.
drum,n./v.
easy,adj.
eat,v.
dry,adj./v.
duck,n./v.
dozen,n.
during,prep.
draw,v./n.
dream,n./v.
dress,n./v.
each,pron./adj./adv.
egg,n.
drink,v./n.
either,adv./pron./adj./conj.
ear,n.
early,adj./adv.
envelope,n.
end,n./v.
elephant,n.
else,adv.
engineer,n.
email,n./v.
eraser,n.
enjoy(ment),v./(n.)
error,n.
enough,adv./adj./n.
enter,v.
explain,v.
excited,adj.
exciting,adj.
even,adv./adj./v.
evening,n.
ever,adv.
every,adj.
everything,pron.
expect,v.
eye,n.
examiner,n.
example,n.
expensive,adj.
experience,n./v.
excellent,adj.
except,prep./conj.
face,n./v.
fact,n.
fat,n./adj.
fight,v./n.
factory,n.
father,n.
file,n./v.
fill,v./n.
fail,v./n.
finally,adv.
find,v./n.
fine,adj./adv./v./n.
finger,n./v.
finish,v./n.
fall,n./v.
fire,n./v.
feed,v./n.
family,n.
feel,v./n.
famous,adj.
fan,n./v.
first,n./adv./adj.
fish,n./v.
far,adv./adj.
farm,n./v.
farmer,n.
festival,n.
few,adj./pron.
fast,adv./adj.
foot,n./v.
for,prep./conj.
foreign,adj.
foreigner,n.
forget,v.
floor,n./v.
fork,n.
free,adj./v./adv.
flower,n./v.
fresh,adj.
fly,v./n.
friend,n.
friendly,adj.
frog,n.
from,prep.
follow,v.
front,adj./n.
food,n.
fruit,n.
fool,n./v.
gate,n.
full,adj.
fun,n.
funny,adj.
future,n./adj.
get,v.
ghost,n.
game,n.
giant,adj./n.
gift,n.
garden,n./v.
hurt,v./n.
knock,v./n.
perhaps,adv.
some,adj./pron.
superintendent,n.
superiority,n.
train,n./v.
